Date,MonthYear,Attack Name,Network,Attacked Protocol Addresses,Attacker,Detected,AlertId,Time of Alert,ExploitTxHash,Time of Exploit Tx,Diff,Diff in sec,Victim,Comment,ProtocolContracts
05/02/2023,20235,Level Finance,BSC,,0x70319d1c09e1373fc7b10403c852909e5b20a9d5,FN,,,,,,,,Based on base bots there should have been an alert; funding missing; funded by diff account,"0xA5aBFB56a78D2BD4689b25B8A77fd49Bb0675874,0xB5C42F84Ab3f786bCA9761240546AA9cEC1f8821,0x4265af66537F7BE1Ca60Ca6070D97531EC571BDd,0xcC5368f152453D497061CB1fB578D2d3C54bD0A0,0xBD8638C1fF477275E49aaAe3E4691b74AE76BeCd,0xf584A17dF21Afd9de84F47842ECEAF6042b1Bb5b,0x04Db83667F5d59FF61fA6BbBD894824B233b3693,0xe423BB0a8b925EABF625A8f36B468ab009a854e7,0x6cd4c40016F10E1609f16fB4a84CAe4700a4DaD6,0x8826C45DAB800697C48ea87322Ac0a6Ed70cE4A4,0x3d54A363bC92a2da545f39a0F09dE62a2cC7E62d,0x6023C6afa26a68E05672F111FdbB1De93cBAc621,0x360071D15cce5542E6B7209752eA479b84b28625,0xa0E6B7aE9F4D284df33D41B1355aC28CBDC64F8c,0x8f886b4b10344289cEAd777953f95FA0317bcD33,0x6442b001c5AcCE8cb71986ad65B22684821A927A,0x4D91cf959C86888df1ed20877b27Fa0C7BC08147,0xB64E280e9D1B5DbEc4AcceDb2257A87b400DB149,0x9a1409a1b7826A80B6C6D33f85a342Cd9448FB54,0x92A0A11A57C28d4C86a629530fd59B83B1276003,0x804bbb7a06c0934571aAD137360215ef1335e6A1,0xBe2B6C5E31F292009f495DDBda88e28391C9815E,0x87CC04d6FE59859cB7eB6d970EBc22dCdCBc9368,0xB07953F23545796710957faec97F05B21146AC2d,0x8BFf27E9Fa1C28934554e6B5239Fb52776573619,0x63B487204A76bA4962d384Dc41F7B06e880c8d80,0x4385d6E60AE5f53E63d0A69Af4434A249014DCB2,0x31A3CDCC3a04fd8a1888e33E38b9D2bb72D6b1dc,0x4aa34261769BA17FAA10B99BaCF63Baca4238205,0x8e532B2dBa81C4474e1ee2e0a35cd25347f2ad3B,0x1Ab33A7454427814a71F128109fE5B498Aa21E5d,0x5aE081b6647aEF897dEc738642089D4BDa93C0e7,0xe5f3b669fd58AF914111759da054f3029734678C,0x08A12FFedf49fa5f149C73B07E31f99249e40869,0x95883611685a20936EC935B0A33F82e11D478e3D,0x22E7F559bE09B6A758F02A84dDC64f45642206a1,0x977087422C008233615b572fBC3F209Ed300063a,0x4980c82cF6A4bf0A3265985d4bC01120A0C6bb22,0xf1fe97ceA2cd0bA34A73e26635C77C410030fE8e,0x2Ed6ceD074B2E822d3Afc1949A4433Bf4654A43A,0x712A2e08C67cD7153f04FdB3037d4696300921d0,0xc31bcCd2106Dae0b27c2C7E1385E12cEF4512f5E,0xD463EeC58D1Eb7F94865e2F2c09f097f7EB0B895,0x30f00859A0b4893b8201cb6478434EB8dDb9195a,0xe3197276dC213F62d49b0Ee77E61b6a927609eAe,0xC0717eb8ad66d0b3BF16Bbe0bAC0fb605a715A35,0x4a46649eC023DF2DCF18Ee381281408b3432428b,0xD804Ea7306abE2456Bdd04a31F6f6a2F55Dc0d21,0x9c1A19038dF30636e15e67303d9ed3474d76e015,0x03D5c199c4Abf2451D7b64b73A8078fC5a05eBa9,0xA5aBFB56a78D2BD4689b25B8A77fd49Bb0675874"
05/02/2023,20235,NeverFall,BSC,,0x53b757db8b9f3375d71eafe53e411a16acde75ee,FN (beta detected - see link in the comment),,2023-05-02 16:45:22 (UTC),0xccf513fa8a8ed762487a0dcfa54aa65c74285de1bc517bd68dbafa2813e4b7cb,"Tue, 02 May 2023 17:00:02 GMT",14min 40 sec,880,Victim properly identified,perf issue; detected by beta,"0x5ABDe8B434133C98c36F4B21476791D95D888bF5,0x97a08A9Fb303b4f6F26C5B3C3002EBd0E6417d2c"
05/05/2023,20235,DeusDAO,Arb/Mainnet,,0x189cf534de3097c08b6beaf6eb2b9179dab122d1,FN,,,,,,,,likely miss due to arb/mainnet split of alerts; already fixed,"0xBC1b62dB243B51dabCd9540473324f36E094EC55, 0xDE1E704dae0B4051e80DAbB26ab6ad6c12262DA0"
05/05/2023,20235,DeusDAO,BSC,,0x5a647e376d3835b8f941c143af3eb3ddf286c474,FN,,,,,,,,,"0xDE1E704dae0B4051e80DAbB26ab6ad6c12262DA0,0x5929dbBc11711D2B9e9ca0752393C70De74261F5,0x1472b3081d81B792E697aEA90ACCbbc4AdC5bAF9"
05/06/2023,20235,Block Forest,BSC,,0x2d2bcd3caed4b51b7090c78cfd73ea091a4b44de ,FN (beta detected - see link in the comment),,May-06-2023 04:24:13 PM +UTC,0x5a89e083e8e3ad75c38be65a6a92d7e32249cf9b5ceb304bf1ae2409241993ff,"Fri, 21 Apr 2023 05:43:36 GMT",1 hour 19 min,3619,no victim,perf issue; detected by beta,"0x538107874AEEAE2E0685B517a1A86dD5238c38b1,0x97a22Ab59234Ba7dd11d5c72E206Ed19F045B06c,0xC4e83B0EF81B4C7CAb394f1C0D4A39bf8bc4e248,0xb6576CB02dc030e819b59C57a5819Df638cB09ab"
05/06/2023,20235,Floki Ino,Mainnet,,0x662d2dc484d65a3ba4da80e36eaa9a400af0726b ,FN,,,,,,,,"mulichain funding; no funding alert, but other high precisition bots?","0xb1F4b66104353eC63D8d59D3da42C0b4Fb06E7f3,0x30Ac70e2dc5092f64031685bb23D50f782C27566,"
05/09/2023,20235,Weeb,Mainnet,,0xe9ba23Db4CAB47621d72B7A51EF166992A025B16,FN,,,,,,,,binance funding; no funding alert,"0x9E3D5B091e7728080D9b2E1AAF20EE63db6b65BB,0x2E38EB45e9d7b253A1c2Dc8e611B2c70e460AEDb"
05/10/2023,20235,Trust Trident,BSC,,0xa3aa817587556C023e78B2285D381C68CEe17069,TP,ATTACK-DETECTOR-2,"Sat, 13 May 2023 23:19:01 GMT",0xfe80df5d689137810df01e83b4bb51409f13c865e37b23059ecc6b3d32347136,13/05/2023 23:17,1min 36 sec,96,PancakeRouter (incorrect),,"0xeaF83465025b4Bf9020fdF9ea5fB6e71dC8a0779,0xa645995e9801F2ca6e2361eDF4c2A138362BADe4,0x61f834516504fC02b3cd80D41722df08fD030141,0x358EfC593134f99833C66894cCeCD41F550051b6"
05/10/2023,20235,Snooker,BSC,,0x6b67f9e79180e08cb42132754bc9f88558b1e535,FN,,,,,,,,TC didnt trigger as this wasnt a new account when TC funds were deposited,"0xA3f5ea945c4970f48E322f1e70F4CC08e70039ee,0x7957096Bd7324357172B765C4b0996Bb164ebfd4,0x05e2899179003d7c328de3C224e9dF2827406509"
05/12/2023,20235,LW Token,BSC,,0xffc21396bc3c981f057b4ec993edb2a305ef8a62,FN,,,,,,,,,0xD7aa5ae820dE27b7Ad8b2d2D92781B68943086bD
5/13/2023,20235,BitPaid,BSC,,0x878a36edfb757e8640ff78b612f839b63adc2e51,FN,,,,,,,,,"0x858DE6F832c9b92E2EA5C18582551ccd6add0295,0x40F75eD09c7Bc89Bf596cE0fF6FB2ff8D02aC019"
5/14/2023,20235,LandNFT,BSC,,0x96b89c2560bcc43c342c12ba9c33dab7eb571a90,TP,ATTACK-DETECTOR-2,"Sun, 14 May 2023 15:48:12 GMT",0xe4db1550e3aa78a05e93bfd8fbe21b6eba5cce50dc06688949ab479ebed18048,May-14-2023 4:39:50 PM,- 49min,2940,,,0x1a62fe088F46561bE92BB5F6e83266289b94C154
5/20/2023,20235,Tornado Cash DAO,Mainnet,,"0x092123663804f8801b9b086b03b98d706f77bd59,0x592340957ebc9e4afb0e9af221d06fdddf789de9",FN (beta detected - see link in the comment),,May-20-2023 07:34:35 AM +UTC,,"Sun, 21 May 2023 12:54:35 GMT",29 hours and 20 min,105600,Victim properly identified,perf issue?,"0x12d66f87a04a9e220743712ce6d9bb1b5616b8fc,0x47ce0c6ed5b0ce3d3a51fdb1c52dc66a7c3c2936,0x910cbd523d972eb0a6f4cae4618ad62622b39dbf,0xa160cdab225685da1d56aa342ad8841c3b53f291,0xd4b88df4d29f5cedd6857912842cff3b20c8cfa3,0xfd8610d20aa15b7b2e3be39b396a1bc3516c7144,0x07687e702b410Fa43f4cB4Af7FA097918ffD2730,0x23773E65ed146A459791799d01336DB287f25334,0x22aaA7720ddd5388A3c0A3333430953C68f1849b,0x03893a7c7463AE47D46bc7f091665f1893656003,0x2717c5e28cf931547B621a5dddb772Ab6A35B701,0xD21be7248e0197Ee08E0c20D4a96DEBdaC3D20Af,0x4736dCf1b7A3d580672CcE6E7c65cd5cc9cFBa9D,0xd96f2B1c14Db8458374d9Aca76E26c3D18364307,0x169AD27A470D064DEDE56a2D3ff727986b15D52B,0x0836222F2B2B24A3F36f98668Ed8F0B38D1a872f,0x178169B423a011fff22B9e3F3abeA13414dDD0F1,0x610B717796ad172B316836AC95a2ffad065CeaB4,0xbB93e510BbCD0B7beb5A853875f9eC60275CF498,0xca0840578f57fe71599d29375e16783424023357,0x3f615ba21bc6cc5d4a6d798c5950cc5c42937fbd,0x5efda50f22d34f262c29268506c5fa42cb56a1ce,0x2f50508a8a3d323b91336fa3ea6ae50e55f32185,0xCEe71753C9820f063b38FDbE4cFDAf1d3D928A80,0xffbac21a641dcfe4552920138d90f3638b3c9fba,0x179f48c78f57a3a78f0608cc9197b8972921d1d2,0xb04E030140b30C27bcdfaafFFA98C57d80eDa7B4,0x77777feddddffc19ff86db637967013e6c6a116c,0x3efa30704d2b8bbac821307230376556cf8cc39e,0x746aebc06d2ae31b71ac51429a19d54e797878e9,0xd90e2f925DA726b50C4Ed8D0Fb90Ad053324F31b,0x5f6c97C6AD7bdd0AE7E0Dd4ca33A4ED3fDabD4D7,0xf4B067dD14e95Bab89Be928c07Cb22E3c94E0DAA,0x58E8dCC13BE9780fC42E8723D8EaD4CF46943dF2,0x01e2919679362dFBC9ee1644Ba9C6da6D6245BB1,0x2FC93484614a34f26F7970CBB94615bA109BB4bf,0x26903a5a198D571422b2b4EA08b56a37cbD68c89,0xB20c66C4DE72433F3cE747b58B86830c459CA911,0x2573BAc39EBe2901B4389CD468F2872cF7767FAF,0x527653ea119f3e6a1f5bd18fbf4714081d7b31ce,0x653477c392c16b0765603074f157314cc4f40c32,0x88fd245fedec4a936e700f9173454d1931b4c307,0x09193888b3f38c82dedfda55259a82c0e7de875e,0x5cab7692d4e94096462119ab7bf57319726eed2a,0x756c4628e57f7e7f8a459ec2752968360cf4d1aa,0x722122df12d4e14e13ac3b6895a86e84145b6967,0x94a1b5cdb22c43faab4abeb5c74999895464ddaf,0xb541fc07bc7619fd4062a54d96268525cbc6ffef,0x94c92f096437ab9958fc0a37f09348f30389ae79,0xd82ed8786d7c69dc7e052f7a542ab047971e73d2,0xdd4c48c0b24039969fc16d1cdf626eab821d3384"
5/29/2023,20235,Jimbo's Protocol,Arb,,0x102be4bccc2696c35fd5f5bfe54c1dfba416a741,FN,,,,,,,,,"0x271944d9D8CA831F7c0dBCb20C4ee482376d6DE7,0xC3813645Ad2Ea0AC9D4d72D77c3755ac3B819e38,                                                                       "
5/22/2023,20235,LunaFI,Polygon,,0x11576cb3d8d6328cf319e85b10e09a228e84a8de,FN,,,,,,,,,"0xE6E5f921C8CD480030EFb16166C3f83ABC85298D,0xfc604b6fD73a1bc60d31be111F798dd0D4137812,0x77D97db5615dFE8a2D16b38EAa3f8f34524a0a74,0x58edA02E51dBBFD5190F779573BB3eFBD41AFc68,0x14e849B39CA7De7197763b6254EE57eDBE0F3375,0x1311DCADf3330dD0AEB4d03177F9568880Febb34,0x07244afb53Ad824366a19Cb3c972030064555E75,0x2Bb91032F277BDc0DA7De271Ba03B3341B73b4c1"
5/23/2023,20235,CSToken,BSC,,0x2cdeee9698ffc9fcabc116b820c24e89184027ba,TP,ATTACK-DETECTOR-2,"Tue, 23 May 2023 15:44:37 GMT",0x906394b2ee093720955a7d55bff1666f6cf6239e46bea8af99d6352b9687baa4,May-23-2023 04:43:30 PM +UTC,- 58min,3480,No Victim,,"0x8BC6Ce23E5e2c4f0A96429E3C9d482d74171215e,0x6BC2823De2c3718D3669C2E7036E1D888C4107a1,"
5/23/2023,20235,Local Traders,BSC,,0xd771dfa8fa59bd2d1251a0481fca0cf216276dd7,FN,,,,,,,,,"0x5C65BAdf7F97345B7B92776b22255c973234EfE7,0x303554d4D8Bd01f18C6fA4A8df3FF57A96071a41"
5/24/2023,20235,GPT Token,BSC,,0x054a3574d8082112575843dd944ff42c58dda38d,TP,ATTACK-DETECTOR-2,"Wed, 24 May 2023 15:52:47 GMT",0xb77cb34cd01204bdad930d8c172af12462eef58dea16199185b77147d6533391,24/05/2023 16:00,7min 13 sec,433,No Victim,,"0xa1679abEF5Cd376cC9A1C4c2868Acf52e08ec1B3,0x77a684943aA033e2E9330f12D4a1334986bCa3ef"
5/28/2023,20236,Baby Doge,BSC,,0xcbc0d0c1049eb011d7c7cfc4ff556d281f0afebb,TP,ATTACK-DETECTOR-2,"Sun, 28 May 2023 01:53:00 GMT",0x098e7394a1733320e0887f0de22b18f5c71ee18d48a0f6d30c76890fb5c85375,May-28-2023 02:11:53 AM +UTC,,,No Victim,,"0xc748673057861a797275CD8A068AbB95A902e8de,0xc736cA3d9b1E90Af4230BD8F9626528B3D4e0Ee0"
5/29/2023,20236,El Dorado Exchange,Arb,, 0x80826E9801420E19a948b8Ef477Fd20f754932DC,,,,,,,,,,"0xCCD3891c1452b7CB0E4632774B9365DC4eE24f20,0x5566d132324181427eD4f46989121030BC6689C7,0x496900EabcDF5544507ED29Cda3c7f9d0aCE7208,0xcB5518365D8888Ea390213240043091F35F46C6C,0x038cC240A4337a5758700235f4efA3fCd1B521F6,0x24b6137A5fe9d058baf654bb73aB857F57DF8BB4,0x6064DCb3CCc4Bb33e6E4F5C20D126aB15fA14f0d,0xe8Bb48Df26cb53F89EE09cB65F3bF079D44d25Cb,0x9DC362DB8B1C1034a8b34551ece88ded9b40Feee, 0x92EF7A443a1a2EAd17e1EBB7E1613efdb8c3B41c,0x5c1D800Bf2154fe78018e12Ab0b63E94ed23eebc,0x75b814ab2d7E1144d8deba303B024e8fDfE599ec,0x63587f908681b9200c14A22cF6B53935E665Eae9,0x985A1608E8096EA9bebf2100D2319CE7F7F3b7Ae,0xDfE6BB98833dae0f5cD76f488Fc7726b140Fc6e9,0x09d196538F9a09a377C38b5C4400a45D113357F6,0x046600975BED388D368F843A67E41545e27A2591,0xf52A5EDa9e44B3d5182809C2365D6F52F967521f,0x170244A426B016c69e09131428A78117fFE6d7fb,0x3838bfE876823527FDBdA77C9F6dc86cc10C5B77,0x734f022e72150CE6d1156aaE692c4393cA2709Df,0xffcfe373b4DBD373263B8B77462790A9E42B866a,0xd996775bC652E3d48E2693f08cF52CEB0ec0E21f,0x96569ff8f1Eb073f0FFd5cCBf855b7A5431C3B2E,0x730c4CD9499033DDb2BF5465098e108089b6F123,0x00962B56fe689faCC6ec66D38867f1238304B18f,0x865cD1dCDdAB2048bb6Ab015a69561854c23Ab6d,0x9eCb49340c3F29e1517244579782B8b693f9B28b,0x57b78bff7297635414c55443ff4e3dae8a55a74a,0xC8b346Cd04D367bbb234732F36Ee6a5bE6a54c8f,0xEc08B5a75473FD581BE6628d4e2Ed08b49078dF0,0xFC36bE177868b05F966E57bfc01617501b1f6926,0xb23Cd479195c3Ad24c569C5e1f8641Da5a4b3CE4,0x5655fBeb5e066AE5fcCe763ed21daC39Bd3B144C,0xcc86d1C43aA2DA48D08e82E82eb2a0850e219bc8,0x23155eFD762A120Be5DC61b83c891478908Fe5D4,0x500fd1c44502670384B8DafeceDE9ed5fe32f017,0x122383C611805a9E29eab8d94F130DC047bF81AC,0x26AA71BE9CCD794a4c9043Be026c68496b45Aa73,0x2108397905F6d3A9b277c545948C6d6E1Ca22D06,0x16a6bd70684c0626bc3c69eF62EF5860849df851,0x44D8a4e73A25860d9d61Cb8e0Efc48701656eE82,0x23Cfbf835e6D4Ab8A45dCa7115869e88cbA5957D,0x12A8aeF0f1B3af754359bb6Df0F6eE19C58E330D,0x2BAe69F0d73241E20b477e4b6e87E964b84E2EB7,0x0142FeF53eBB44Ed2C00c16478DC619fc3e64321,0xB00885eef0610C1A9D0f4c125Abe959B63F6B2BF,0x86aF1E551C081eC2269f62708C291af1627fA4ED,0x39Eb2A5196a00186D15c28E9fe35A36fD1e6f06c,0x9321061001f07420bF1F068d46feC6E5485690A2,0xE3CA515c9C430f2E270E293ab2793070014F720d,0x494b1C5Db70F0e4fE577A53685184B47279C5901,0x881DB48147c014111ef2aC6587E3cF2d9206171d,0xe8594Bb25fb88bBefd61D219Ffbd32a0de77b383,0x1c547fBa2C20BB5d432970947b4849143A8E4fF8,0x2380B6F99266121FFaF0c457cFAdcd0dc5846560,0x872b327cc9494a31C87134b5162525B7224C525E,0xDAFFD168bdAc2CfE3B52d3050b4F743B42D00d91,0x5d47e35FC6A1f3e22a5cD1Acd5bAb918Be49F531,0x86fE7bDb5fc80B33474B7572790436c3bD3df30E,0x586aF3A3D29B5CE55226369c1De102D899E33D0c,0xc7d1489611726553A28ACAff05fdb2ca452fdD10,0xf321de3e71B35E087f2cD5D59F5A2C6621570f2F,0xa6c5C7D189fA4eB5Af8ba34E63dCDD3a635D433f,0x8eDa8226c679103535A0620E3f32f50C3B8a0d1B,0x9e5b541B3404bB833b4590F352361C0dE797e7eE,0x149D5F5E5d5bcFDaf8EC6eEF33d3556660A31e96,0x6B254d95a80a78E33A3e9662F0e313d78d1a11F7,0x38dA3747b00f836f68C97ff3f15a2D5947E43c8B"
5/31/2023,20236,unshETH,Mainnet,,"0xecfede31e564c97ab05abe88786dfb2a642f69f2,0x5a113147A564B4c5e17A274Bfa99F3Cc19E4843f",FN,,,,,,,,"had large profit, but no other alert in other stages. filed bug against txt msg agent, which did have a signal.","0xe8ef2e07e2fca3305372cb0345c686efbec75658,0xef1203e0680fe690c2923ce508556c92c9abd48e,0x1a890EBCD20a9fB551C0440428805BC24eF62641,0xA857904691bbdEca2e768B318B5f6b9bfA698b7C,0x51A80238B5738725128d3a3e06Ab41c1d4C05C74,0xE76Ffee8722c21b390eebe71b67D95602f58237F,0x846982C0a47b0e9f4c13F3251ba972Bb8D32a8cA,0x0Ae38f7E10A43B5b2fB064B42a2f4514cbA909ef,0x35f899CE6cC304AeDFDB7835f623A30473b26457,0xe60779cc1b2c1d0580611c526a8df0e3f870ec48,0xA8b326Ca02650Ac968C554d6C534412e49c92BC4,0xf728dB9182e7c3a9dFfbD71f9506d04f129Ac9C8,0x33890B88F98a9D511678954AD8DB0510B6953Cfc,0x954d5088d88291146ce58270add820e809ff3d7e,0x5153b553d8ae3cbbb5ac97f5e4c8e5776d30ee09,0x2955c9cba43e769017caf257dd96c0dd9d79bd3a,0xbafa44efe7901e04e39dad13167d089c559c1138,0xac3e018457b222d93114458476f3e3416abbe38f,0xae78736cd615f374d3085123a210448e74fc6393,0x7f39c581f595b53c5cb19bd0b3f8da6c935e2ca0,0xbe9895146f7af43049ca1c1ae358b0541ea49704,0xE95A203B1a91a908F9B9CE46459d101078c2c3cb,0xf951E335afb289353dc249e82926178EaC7DEd78,0x16D5A408e807db8eF7c578279BEeEe6b228f1c1C,0xb27308f9F90D607463bb33eA1BeBb41C27CE5AB6,0xAAF448d30F01b429FB6e7F9AF6A8FF66e694F312,0x718C26E5e60829a36feE8DF1d791F340aaa91B4b,0x7461092AA5234b42A17ee8Cc51CfDE6Ef4BeCbc7,0x9d14855cc4c89d4647bc39bc9cfe458ce46c1a36,0xc258fF338322b6852C281936D4EdEff8AdfF23eE,0xbb4cdb9cbd36b01bd1cbaebf2de08d9173bc095c,0x00EFE5523fb4C78FC0e1eec26d916310027f25B1,0x4a364f8c717cAAD9A442737Eb7b8A55cc6cf18D8,0x8731d54E9D02c286767d56ac03e8037C07e01e98,0xCa46058a5682B13c44F4Dd2558aFDEbf3A28f41f,0x2170ed0880ac9a755fd29b2688956bd959f933f8,0x55d398326f99059ff775485246999027b3197955,0x0Ae38f7E10A43B5b2fB064B42a2f4514cbA909ef,0x91d6d6aF7635B7b23A8CED9508117965180e2362,0x5ba96b2BE2b4e88fa51506198ccfAAE57Fb6f246,0x10ED43C718714eb63d5aA57B78B54704E256024E,0x73F3BF38C6bdBc69042049c022080D14885Ff32D,0xa974c41748e8464Baf978e3268CDdb0d6A1fdBDA,0x2C8a4058DB744808FFFA97E29c8E1b7cBF7AAd01,0xC9C33A4Aa8fb9F50579EE4d89Fb8a45EECCD6f0a,0x1b0aedcd95ea7e93291c1f13365e4bd7660bba92,0x03661968d242FF17c25436cA63483B566e7c108B,0x7e353A711a07cD2720837A3608736d9158A1D8d7,0xe85c4D91DC0D9dB0a59300e18acFA2A498419E83,0x35636b85b68c1b4a216110fb3a5fb447a99db14a,0xd027ef82db658805c9ba8053196cd6ed1dd407e4,0x953212fBA33c20763400370A0481C5129AE752d9,0xe6297a3f7a7ec264ca8e293f927d86e532b5da9a,0xf04eab7928a24ff134b2e061e55c4844bd188017,0x0ae38f7e10a43b5b2fb064b42a2f4514cba909ef,0x51a80238b5738725128d3a3e06ab41c1d4c05c74,0x9eFB28060e0c4Ea2538a2B5Ede883E86219182B2,0x69E3877a2A81345BAFD730e3E3dbEF74359988cA,0xd6eE2f6586A60d997356da434AA6E0461AA43dB5,0x855f1b323fdd73af1e2c075c1f422593624ed0dd,0xEbb95E5b6840717D4b6c548B7ceF5450A940CFa4,0x55638A11757CEa2DD6130Aa42Ddc09149BDcAf84"
06/01/2023,20236,Cellframe,BSC,,"0x1e2a251b29e84e1d6d762c78a9db5113f5ce7c48,0x2525c811ecf22fc5fcde03c67112d34e97da6079",TP (locally),ATTACK-DETECTOR-2,,0x943c2a5f89bc0c17f3fe1520ec6215ed8c6b897ce7f22f1b207fea3f79ae09a6,Jun-01-2023 02:07:55 AM +UTC),,,,"had highly precise bots, but not in different stages. should loosen the criteria to either different stages or multiple high precision bots.","0xf3E1449DDB6b218dA2C9463D4594CEccC8934346,0x06155034f71811fe0D6568eA8bdF6EC12d04Bed2,0xd98438889Ae7364c7E2A3540547Fad042FB24642,0x1c15f4E3fd885a34660829aE692918b4b9C1803d"
06/01/2023,20236,DDCoin,BSC,,"0xa100c4b1962dcdb44201ce123833bf275e5f8847,0x0a3fee894eb8fcb6f84460d5828d71be50612762",TP (locally),ATTACK-DETECTOR-2,,0xd92bf51b9bf464420e1261cfcd8b291ee05d5fbffbfbb316ec95131779f80809,Jun-01-2023 07:00:14 AM +UTC,,,,"many alerts, but no attack detector; pot perf issue?","0x50ab0D88045F540b8B79C8A7Dc25790dB493BBC5,0x976cfB9e0447D86f1e4c835c66062CAe113AF404,"
5/31/2023,20236,ERC20Token,Mainnet,,0x0e816b0d0a66252c72af822d3e0773a2676f3278,TP (locally),ATTACK-DETECTOR-2,,0xcff84cc137c92e427f720ca1f2b36fbad793f34ec5117eed127060686e6797b1,Jun-07-2023 04:14:11 AM +UTC,,,,"many alerts, but no attack detector; pot perf issue?",
06/07/2023,20236,Instante Token,Polygon,,0xb3d204ee119547faa7be6796a31ca773c24b1fdc,FN,,,0xff5515268d53df41d407036f547b206e288b226989da496fda367bfeb31c5b8b,Jun-06-2023 12:22:36 PM +UTC,,,,"many alerts, but no attack detector; pot perf issue?",
06/06/2023,20236,UN Token Compromise,BSC,,"0xa247e81645d6b7fc800afecd836fef16f504d908,0xf84efa8a9f7e68855cf17eaac9c2f97a9d131366",FN,,,0xff5515268d53df41d407036f547b206e288b226989da496fda367bfeb31c5b8b,Jun-06-2023 12:22:36 PM +UTC,,,,"many alerts, but no attack detector; pot perf issue?","0x1aFA48B74bA7aC0C3C5A2c8B7E24eB71D440846F,0x5F739a4AdE4341D4AEe049E679095BcCbe904Ee1,0xa4B5bB109c6508A8Ca880D2b4915139706783b77"
06/06/2023,20236,Murati AI,BSC,,0x8887a9387ee149a81a17145065a7b13132f732cd,TP (locally),ATTACK-DETECTOR-2,,0x354da299a497cfb606cb98410e4406eee2ece45d4f79d8a51780125f4264cd2a,Jun-06-2023 03:15:42 PM +UTC,,,,"many alerts, but no attack detector; pot perf issue?","0x69C2fcAe7e30b429166BD616A322e32BeC036bCf,0xdb79f966bF3EdE1E6c1183C9fC3a67D740c2eee0,0xbb610dF4c1D9fd8E1dCAd9fdd2dc9d685f412919,0x73857B78A330d06331A286E5727759A76e97CFEE,0x470d85F7424B8aFA283DFebCC6D745b525b649da"
06/10/2023,20236,Atlantis Loan,BSC,,0xeade071ff23bcef312dec938ece29f7da62cf45b,TP,ATTACK-DETECTOR-2,"Sun, 11 Jun 2023 10:36:58 GMT",0x3b0df86f548946d9dda9fb4177ae27bf33f06315c73ea50945ab9e53a041d7e1,Jun-10-2023 09:53:40 AM +UTC,,,,,"0x87b79e34eac2eb77324269d3115cb8ba847ee016,0x0503FEaa5854E55E5607e40371e2a1b0d1B9df7F,0x788A791FF9641A5e1fF3596487b120c348bE1Db3,0xfEAd9619e88464e5aD1Ea9Df458dcc147F03ea0C,0x558B96Ee93Ea9C7ec9839BEAfab641d75F94E9a3,0x4e9bF21Ce718Dde4be2E0F5b167181b8AdAd12F6,0x59123a930E52b52EdB27F91135253331F36cd87c,0xCc7Fc8666F6e62cB44aa781de841eE6Be3BbE54c,0x219db7E6F8A609645E8559F8553A48C6e6b17f57,0xd7C38eb724a4610A9fB78F3f9F6C400577e30AC2,0xC182Ea25C72cE276F80748497775499059F6c74e,0x02A7dE4598DA1F18CB6AB85D342b4688FEC66E6B,0x2F4ba3A96B9B5b660C78310FddE4987c09a2eEba,0x5c81c0f55A15Dbc97749A83c843044702768A2A2,0x2C5056167cb2797a7D82996800F896D4F0684343,0x350bD6EFE303F5D6E10bD9e9d6347bc4a3E708c0,0x1e3C741e1d94b88871dCE2A9b55CC2b2b10AD04f,0x26458660BC2f9112e43De7f0DAE003298c6a6DC4,0x96FfC0C6e91FD65460Bd1dd180500fA5bDa11940,0x20c7E6eb3FaB3990A0DB8b2EEd57FF7d799603f9,0x14f235Bb338804D194679BEF1eD7F619F4fE684F,0x8DF3719eB4C9F17ecF30bA298CC2Da7c88162894,0x6A3EbE48a297a61048ddbeB0eF62da4E35eF11f2,0x7c0697155617b7A797CB7517d483DbBdB17089CF,0xd47084cC0e974e5B88958FCA5FaFB7f7726C4058,0x24ce0E8a115b850DD9f8f28125534f102059A307,0x17a1693A62695610993ee389CAa6473749EDbf28"
06/11/2023,20236,Trust the Trident,BSC,,"0x4beb05bf9bd4585ae2f4feb74112f18b423abb84,0x0060129430df7ea188be3d8818404a2d40896089",TP (locally),ATTACK-DETECTOR-2,,0xe968e648b2353cea06fc3da39714fb964b9354a1ee05750a3c5cc118da23444b,Jun-11-2023 10:37:49 AM +UTC,,,,"many alerts, but no attack detector; pot perf issue?","0xa645995e9801F2ca6e2361eDF4c2A138362BADe4,0x358EfC593134f99833C66894cCeCD41F550051b6,0x9523B023E1D2C490c65D26fad3691b024d0305D7,0x61f834516504fC02b3cd80D41722df08fD030141,0xeaF83465025b4Bf9020fdF9ea5fB6e71dC8a0779"
06/12/2023,20236,Sturdy Finance,Mainnet,,"0x1e8419e724d51e87f78e222d935fbbdeb631a08b,0x0b09c86260c12294e3b967f0d523b4b2bcdfbeab",TP (beta detected),ATTACK-DETECTOR-2,,0xeb87ebc0a18aca7d2a9ffcabf61aa69c9e8d3c6efade9e2303f8857717fb9eb7,Jun-12-2023 01:06:35 AM +UTC,,,,perf issues; detected by https://explorer.forta.network/alert/0xa55019a66394624a9de0b9f0bfb00f0ed6e0104175c6054c663b4b193a930c48,"0xb7499a92fc36e9053a4324aFfae59d333635D9c3,0x88f8CCC064bA2D39cF08D57B6e7504a7B6bE8E4e,0x48Cc0719E3bF9561D861CB98E863fdA0CEB07Dbc,0x904290A4e88b984Bab24527601a3d83fF1B7450E,0x86f282c2003FAcF4185F00B5e49A80Db884fEC33,0x131cCc65CDB8Ea905bA6E66Eba503EeEF275d8f2,0x102A01611efCE588DC071714607be3c96F1318D6,0xA422CA380bd70EeF876292839222159E41AAEe17,0xA4D147b9DA5d1669CC207a9b0B4d86C79135A53d,0x46339B1B9bC2145FCd272AFc99002a931f8C2cFf,0x23Df30FE1d2a8C6f4602db382D727561097F899E,0x73D3e0baEE58fEd4A7d187EBDbf778f93a5Aa9Ad,0xe5d78eB340627B8D5bcFf63590Ebec1EF9118C89,0x55Cc38d75197fBD03CEDe8F1588DcFf0f30E36d4,0x960993Cb6bA0E8244007a57544A55bDdb52db97e,0x4CfA9DDeC7A7C381fc3bd438C5A3CF568a633A3D,0xA3e9B5e1dc6B24F296FfCF9c085E2546A466b883,0xe16AE5f666ee66b4FE2168Ef4377bBB4Af14B215,0x150A51977Bc273dfe84B5530D45ED44D175E88f1,0x0701FAe0924f30acc9673d69F0274611090926B4,0x86616a01f098a0768c7b0d559120820eb7d89288,0x86616a01f098a0768c7b0d559120820eb7d89288,0x01c05337354aae5345d27d2A4A70B56a17aF2b4a,0xe12B0fd4E480de4659eb3742e1465257E58CD750,0xA77D72A6C3fA97F091E9aa9F0C87e9efCB552628,0xf83e4943D76B9A94DA0aFb06E4F30DF773f78938,0x98A60C175fF02fC099383c6F6504a82aD8B85248,0x6AdCd1C2a36eFbA34801384cc4A18f754A4de20E,0x8A128385580D0BeCdD30000D8120bf2327c32f21,0x603036fCFA50114770351E65787D98b2C5b78D88,0x1c8727682dBe7eC36E00d4D8f39dF84fcA8E8912,0x1bFb9035214025BD182cc13B2C03Cc40cbAa2882,0x4AFA73ADA5D44E2710BB4dbcC013b9FC4b8893c3,0x5747D28D9317A930279CB6c958C06f802d988828,0x84dcDE91a81FE6199641f5a11cC858dd90D2759C,0x2420EE2Df56f9C61CA70d94fb509A7B3C04Dc19c,0x9787bDC2Ff7F39Ff981ecc347DfAcF6D57b8783E,0x9ff79b260334Fa61F6b24190e8FaEc46Bc97b9d3,0xf62B771940105dfB095d0BC5F12a6Dc47Aaf9142,0x617b89B0E0c87267a2AE3F77fc1b7F83379456dA,0xf3C27b49409d62Bc50e3497c035a5208f0f8A401,0x846da1F9CbF0e945a790B5bf518A265639039B29,0xFE34b244B51fe4972BA827968E0dc4baa6F7575a,0xc6C3187D47E49ED5071E2100edD5C9b0CB093457,0x7AF222326FCC7806ae7e1754C973c87202fd6599,0x4F47e0a441f02B9f7F90638E03F69F245f7559f9,0xcD137da80193b60de953aBf74bAD89408A552c47,0x81Ce0B194Cea336C22244139Ff71426AC5fc750E,0x19cEFfa15261dcf890328b619039416C40A6b8F8,0xe2Cac13bbff65d30BA31C1709B73c60573cFbDA0,0xCD3c2aB95cF91665D590751CdD3d7959C41951f4,0xCD3c2aB95cF91665D590751CdD3d7959C41951f4,0x9700E0B9d22fE10fF00170462c98aBfFa2505DE2,0xd14A2bd5043F1909A6b20B14E465309FdAc3bf50,0xaE9dfa3beAF1CFB5cAf41B87C0cdC389D62e7105,0xCD3c2aB95cF91665D590751CdD3d7959C41951f4,0xCD1B342cd04A29D7ae86aE54FfCCB8b4580a7192,0x66C6074c5A5144877a12E542BBb8dD37110D7567,0x3E233E6F1C6709Be546Ee2Ef10bAFCe59819577a,0x46f58f3c032064fCaec8484a008e82e27b821f06,0xf8C91E5BfFDD79Ef7D1d6F9ae3391E021fFCBD73,0xfE3b8248f5bFDE88233c87eE17D49143849f9f28,0x40d174027481Dc17C3A714995fCb7Fb5bc7C5f07,0x368122b4743959e08727a70591a266dEE3Ff4F4a,0x3bC6db5e3e3C1e262ae0b28AE35f02e485F3dda3,0x640f7B78830db57BAfDF6F462d2B458dA80825D3,0x85Ad7A2085d391aF549A4413B84Bd9Fa38eD201A,0xE60bFF4746C1acCBcCFc8dC46fbc0dCAA9552E61,0x01Eac83b91158e09EaE57a86eE4538134ff47e26,0x51f2591c31332eF79dc2ad37dE876D2A48F1013f,0xAC2EfC7Ec1e06883b181aA167BF2e1feb07615A3,0x1c8727682dBe7eC36E00d4D8f39dF84fcA8E8912,0x7eD6f3f22Fb3F85E1071b5F6e616d5f0E0E32a49,0x994A8C1AD6C6A65E8D8c6b37A9c8F964A6C985A8,0xa5A96C4E5873dBae8e41058f891A05Ad9aE3C71e,0x88eE44794bAf865E3b0b192d1F9f0AC3Daf1EA0E,0x0Eef4D49B71bad9C6390C7D5E5495b948E5DF280,0xC972d37d48038D289251347A7E52AeDe64B47a40,0x6cC542d4cD29Aa9528d1af83A196aBeCfEE61a8b,0x822802f970CCd9aEB13d0368A2409804d28E1253,0x86A42b7A448c1568d21b00C90eaB53B8417eEaDc,0x701A570C15903a2B09FB41a12DEf0265EBdc53be,0xD7BC0dcb0B6ee14BDB204172ABA01458Abe91aC3,0x4FFa140fc6D5115C808AAF3afda2151F849fcdC3,0x822802f970CCd9aEB13d0368A2409804d28E1253,0xf093E07033efA4eD8167f33A5034AF8E049212F7,0x8eA4b4C9bd07E2fa10dfA712B683F2461397cf19,0x31D5B63b54259b37e74C767706f135ac1C9B8879,0x31780CC26C7C66A7A72bdE665147De4001b302eC,0xc0ddd95419E2375B7cdc9C12a8Db464584E158f3,0x7e704825B55Ba9bE27483BeD912E44cc5a0162bc,0xd9D5c29A4c11d099b7D61C0F2b66B24B1290e127,0xcD23DB9B3FF90Cf200C60Efaa9b9F6Fbd139635F,0x8209BB16a39FD6B76799e7f34702e316cF1129F0,0xD9345caCa72e1376c00e534ed86A08CFCe129337,0xB508171E31273887CB530B5268834C218B3A1303,0xb1ebf8f77ae002d487e7bde22c6180be0af6a3d4,0x5bb3b2782341ac5e0a72dad797d0c27dbebfaadc,0xe1ee5b789ba4ea5287999034fdf293361b53e024,0x403c736f7a79e45bee42fd42a6f89a0a46e38012,0x35616ab2ee92688afe80ebde1dcbeda91f90862c,0x3e0a984a5b4cd60b566c4d851555c7d213ea0eda,0x589bb2ab56b725c50fe3a583eee557023ab4f6e6,0x53799cb6aded2490bf2b15b8f0706e71f05597f1,0x26e3a8953769fe1befc784cb1d42ed0b23742e8c,0x901247d08bebfd449526da92941b35d756873bcd,0x10aa9eea35a3102cc47d4d93bc0ba9ae45557746"
06/12/2023,20236,Keep3r Network,Mainnet,,"0x24ae929ebe12589c5c193af5d7b03da05f5bfb7c, 0x277b86a6adc925993419715278c8e318d8e27b85, 0x91fa0770f46b0608a1f5273568621ddfe944c14f",FN,,,0x25c2d4dbfd38d1dcf10dcfaedf922c7d159aa93c3ac62daeb784718405f237dc,Jun-12-2023 05:04:59 AM +UTC,,,,FP mitigated (high TC funding),"0x1cEB5cB57C4D4E2b2433641b95Dd330A33185A44,0xFC48aC750959d5d5aE9A4bb38f548A7CA8763F8d,0x11b7a6bc0259ed6cf9db8f499988f9ecc7167bf5,0xeDDe080E28Eb53532bD1804de51BD9Cd5cADF0d4,0x976b01c02c636Dd5901444B941442FD70b86dcd5,0x3f6740b5898c5D3650ec6eAce9a649Ac791e44D7,0x053D7DD4dde2B5e4F6146476B95EA8c62cd7c428,0xeb02addCfD8B773A5FFA6B9d1FE99c566f8c44CC"
6/14/2023,20236,Hashflow,Mainnet,,"0xbdf38b7475ff810325aa39e988fb80e0aa007e84, 0xddb19a1bd22c53dac894ee4e2fbfdb0a06769216",TP (locally),ATTACK-DETECTOR-2,,0xdedda493272b6b35660b9cc9070d2ea32ee61279b821184ff837e0a5752f4042,Jun-14-2023 03:13:23 PM +UTC,,,,"many alerts, but no attack detector; pot perf issue?","0x79cdFd7Bc46D577b95ed92bcdc8abAba1844Af0c,0xb3999F658C0391d94A37f7FF328F3feC942BcADC,"
6/15/2023,20236,CFC Token,BSC,,0x106016cdc3878c7ff2b386303000db0001d838eb,TP (locally),ATTACK-DETECTOR-2,,0xa3c130ed8348919f73cbefce0f22d46fa381c8def93654e391ddc95553240c1e,Jun-15-2023 07:06:48 AM +UTC,,,,,"0xdd9B223AEC6ea56567A62f21Ff89585ff125632c,0x595488F902C4d9Ec7236031a1D96cf63b0405CF0"
6/15/2023,20236,DEPUSDT,Mainnet,,0x7021c1b142eb634fa0749cda270c7aff74dc3b7f,TP (locally),ATTACK-DETECTOR-2,,0xf0a13b445674094c455de9e947a25bade75cac9f5176695fca418898ea25742f,Jun-15-2023 08:40:59 AM +UTC,,,,"many alerts, but no attack detector; pot perf issue?",
6/17/2023,20236,Pawnfi,Mainnet,,0x8f7370d5d461559f24b83ba675b4c7e2fdb514cc,TP (locally),ATTACK-DETECTOR-2,,0xe855cc3bad87933bf742fd474bd0ae0ec58d45e9c1a0643b9700dafe8faf0864,Jun-17-2023 02:44:11 AM +UTC,,,,"many alerts, but no attack detector; pot perf issue?","0x85018CF6F53c8bbD03c3137E71F4FCa226cDa92C,0x5f0A4a59C8B39CDdBCf0C683a6374655b4f5D76e,0x73625745eD66F0d4C68C91613086ECe1Fc5a0119,0x0B89032E2722b103386aDCcaE18B2F5D4986aFa0,0x6A55080D5bA7cFf935Fb6aC54f4af4486EE24B1C,0x0b7d8EdA67cE2555abe41d2dF2102D62becf38BD"
6/18/2023,20236,Midas Capital,BSC,,0x4b92cc3452ef1e37528470495b86d3f976470734,TP (locally),ATTACK-DETECTOR-2,,0x66654f116cd26ddf72b25ac9a2be5bdf2bed99201bba8e5bddac375eebec2537,Jun-17-2023 05:12:17 PM +UTC,,,,"many alerts, but no attack detector; pot perf issue?","0x02706A482fc9f6B20238157B56763391a45bE60E,0x93B32a8dfE10e9196403dd111974E325219aec24,0xF8527Dc5611B589CbB365aCACaac0d1DC70b25cB,0x5f8a3d4ad41352A8145DDe8dC0aA3159C7B7649D,0xb2b01D6f953A28ba6C8f9E22986f5bDDb7653aEa"
6/18/2023,20236,Ara Blocks,BSC,,0xf84efa8a9f7e68855cf17eaac9c2f97a9d131366,FN,,,0xd87cdecd5320301bf9a985cc17f6944e7e7c1fbb471c80076ef2d031cc3023b2,Jun-18-2023 4:37:08 PM,,,,"many alerts, but no attack detector; pot perf issue?","0x7BA5dd9Bb357aFa2231446198c75baC17CEfCda9,0x5542958FA9bD89C96cB86D1A6Cb7a3e644a3d46e,"
6/20/2023,20236,Z-Era,BSC,,0xafe015d862b6e1c54c2870d89557a90dafb7fefe,TP (locally),ATTACK-DETECTOR-2,,0x96fcd4a61fa270f0e1608b0b88b6dbc0a91b8da9f7f34de36d3495ad4102c397,Jun-20-2023 12:27:48 PM +UTC,,,,,"0xCc0a1c56401C5d62D4cCEB96b145e958191125DC,0x2125d8a86EBf1DB75d01f537CDcD83E8c2A38d92"
6/20/2023,20236,Bunny Protocol,BSC,,0xe2512f5a3714f473ab2bc3d95e3459fde7cc4b28,FN,,,0x24a68d2a4bbb02f398d3601acfd87b09f543d935fc24862c314aaf64c295acdb,Jun-21-2023 08:26:55 PM +UTC,,,,,"0xc54AAecF5fA1b6c007d019a9d14dFb4a77CC3039,0xb4B84375Ae9bb94d19F416D3db553827Be349520"
6/20/2023,20236,Baby Doge 2,BSC,,0xee6764ac7aa45ed52482e4320906fd75615ba1d1,TP (locally),ATTACK-DETECTOR-2,,0xbaf3e4841614eca5480c63662b41cd058ee5c85dc69198b29e7ab63b84bc866c,Jun-21-2023 12:23:34 PM +UTC,,,,,"0xc748673057861a797275CD8A068AbB95A902e8de,0xc736cA3d9b1E90Af4230BD8F9626528B3D4e0Ee0"
6/23/2023,20236,Shido Global,BSC,,"0x69810917928b80636178b1bb011c746efe61770d, 0xcdb3d057ca0cfdf630baf3f90e9045ddeb9ea4cc",TP (locally),ATTACK-DETECTOR-2,,0x72f8dd2bcfe2c9fbf0d933678170417802ac8a0d8995ff9a56bfbabe3aa712d6,Jun-23-2023 11:00:40 PM +UTC,,,,,"0x733Af324146DCfe743515D8D77DC25140a07F9e0,0xd0A167d1973cA8f76723C6FEa1E6f608DBC1d464,0xa963eE460Cf4b474c35ded8fFF91c4eC011FB640"
6/30/2023,20236,Biswap,BSC,,0xa1e31b29f94296fc85fac8739511360f279b1976,FN,,,0xa9fdedc440865dee38a1285bdc2f8a79947934ac67065d6b8e3a89a259f7ead0,Jun-30-2023 12:15:11 PM +UTC,,,,,"0x46492B26639Df0cda9b2769429845cb991591E0A,0x24Ba8d2A15Fe60618039c398Cf9FD093b1C1FEB5,0x965F527D9159dCe6288a2219DB51fc6Eef120dD1,0xdbc1a13490deef9c3c12b44fe77b503c1b061739,0x858E3312ed3A876947EA49d572A7C42DE08af7EE,0x3a6d8cA21D1CF76F653A67577FA0D27453350dD8,0xf5D6fed0f4735Ff2036cE4be535bD32e77dAE9fe"
6/30/2023,20236,MyAI token,BSC,,0xc47fcc9263b026033a94574ec432514c639a2d12,TP,ATTACK-DETECTOR-2,,0x346f65ac333eb6d69886f5614aaf569a561a53a8d93db4384bd7c0bec15ae9f6,Jun-30-2023 01:04:42 PM +UTC,,,,,"0x40d1E011669c0dc7Dc7c7Fb93E623d6A661Df5Ee,0x390d9078cb06f3cD4a17a39693b489446724a093"
,,,,,,,,,,,,,,,
,,Lido,Mainnet,,,,,,,,,,,,"0xF0211b7660680B49De1A7E9f25C65660F0a13Fea,0xFE5986E06210aC1eCC1aDCafc0cc7f8D63B3F977,0xFeBd8FAC16De88206d4b18764e826AF38546AfE0,0x48c4929630099b217136b64089E8543dB0E5163a,0x935cb3366Faf2cFC415B2099d1F974Fd27202b77,0x22010d1747CaFc370b1f1FBBa61022A313c5693b,0x1F2b79FE297B7098875930bBA6dd17068103897E,0x97615f72c3428A393d65A84A3ea6BBD9ad6C0D74,0x00caAeF11EC545B192f16313F53912E453c91458,0xb0FE4D300334461523D9d61AaD90D0494e1Abb43,0x0535a67ea2D6d46f85fE568B7EaA91Ca16824FEC,0xDc1A0C7849150f466F07d48b38eAA6cE99079f80,0x84f74733ede9bFD53c1B3Ea96338867C94EC313e,0xDFfCD3BF14796a62a804c1B16F877Cf7120379dB,0x4E6D3A5023A38cE2C4c5456d3760357fD93A22cD,0xe07305F43B11F230EaA951002F6a55a16419B707,0x67Fb97ABB9035E2e93A7e3761a0d0571c5d7CD07,0x231Ac69A1A37649C6B06a71Ab32DdD92158C80b8,0xBd2b6dC189EefD51B273F5cb2d99BA1ce565fb8C,0x49d1363016aA899bba09ae972a1BF200dDf8C55F,0x48c135Ff690C2Aa7F5B11C539104B5855A4f9252,0x7E8eFfAb3083fB26aCE6832bFcA4C377905F97d7,0x200dA0b6a9905A377CF8D469664C65dB267009d1


0xC1d0b3DE6792Bf6b4b37EccdcC24e45978Cfd2Eb,0xae7ab96520DE3A18E5e111B5EaAb095312D7fE84,0x7f39C581F595B53c5cb19bD0b3f8dA6c935E2Ca0,0x8F73e4C2A6D852bb4ab2A45E6a9CF5715b3228B7,0xFdDf38947aFB03C621C71b06C9C70bce73f12999,0x55032650b14df07b85bF18A3a3eC8E0Af2e028d5,0xC77F8768774E1c9244BEed705C4354f2113CFc09,0x388C818CA8B9251b393131C08a736A67ccB19297,0x889edC2eDab5f40e902b864aD4d7AdE8E412F9B1,0xb9d7934878b5fb9610b3fe8a5e441e8fad7e293f,0xD15a672319Cf0352560eE76d9e89eAB0889046D3,0xF95f069F9AD107938F6ba802a3da87892298610E,0x852deD011285fe67063a08005c71a85690503Cee,0xD624B08C83bAECF0807Dd2c6880C3154a5F0B288,0x0De4Ea0184c2ad0BacA7183356Aea5B8d5Bf5c6e,0x7FaDB6358950c5fAA66Cb5EB8eE5147De3df355a,0x9305c1Dbfe22c12c66339184C0025d7006f0f1cC,0xbf05A929c3D7885a6aeAd833a992dA6E5ac23b09,0x442af784A788A5bd6F42A01Ebe9F287a871243fb,0xb8FFC3Cd6e7Cf5a098A1c92F48009765B24088Dc,0x5A98FcBEA516Cf06857215779Fd812CA3beF1B32,0x2e59A20f205bB85a89C53f1936454680651E618e,0xf73a1260d222f447210581DDf212D915c09a3249,0xB9E5CBB9CA5b0d659238807E84D0176930753d86,0x3e40D73EB977Dc6a537aF587D48316feE66E9C8c,0x9895f0f17cc1d1891b6f18ee0b483b6f221b37bb,0x4ee3118e3858e8d7164a634825bfe0f73d99c792,0xF5Dc67E54FC96F993CD06073f71ca732C1E654B1,0xF9339DE629973c60c4d2b76749c81E6F40960E3A,0x0D97E876ad14DB2b183CFeEB8aa1A5C788eB1831,0x8B3f33234ABD88493c0Cd28De33D583B70beDe35,0xEe06EA501f7d9DC6F4200385A8D910182D155d3e,0x6c82877cac5a7a739f16ca0a89c0a328b8764a24,0x1aD5cb2955940F998081c1eF5f5F00875431aA90,0x1ad5cb2955940f998081c1ef5f5f00875431aa90,0xDC24316b9AE028F1497c275EB9192a3Ea0f67022,0x828b154032950C8ff7CF8085D841723Db2696056,0xF668E6D326945d499e5B35E7CD2E82aCFbcFE6f0,0x32296969Ef14EB0c6d29669C550D4a0449130230,0xC1A900Ae76dB21dC5aa8E418Ac0F4E888A4C7431,0xc5578194D457dcce3f272538D1ad52c68d1CE849,0xCfE54B5cD566aB89272946F602D76Ea879CAb4a8,0x86392dC19c0b719886221c78AB11eb8Cf5c52812,0x3a6bd15abf19581e411621d669b6a2bbe741ffd6,0xab55bf4dfbf469ebfe082b7872557d1f87692fe6,0x4b3EDb22952Fb4A70140E39FB1adD05A6B49622B,0xdB46C277dA1599390eAb394327602889E9546296,0x753D5167C31fBEB5b49624314d74A957Eb271709,0x99ac10631f69c753ddb595d074422a0922d9056b,0xDC24316b9AE028F1497c275EB9192a3Ea0f67022,0x6140182B2536AE7B6Cfcfb2d2bAB0f6Fe0D7b58E,0x8F1155447Ee97b5Ae147a01a5c420B0FDDF0370D,0xE5576eB1dD4aA524D67Cf9a32C8742540252b6F4,0x75ff3dd673Ef9fC459A52E1054db5dF2A1101212,0x1dD909cDdF3dbe61aC08112dC0Fdf2Ab949f79D8,0x1220ccCDc9BBA5CF626a84586C74D6f940932342,0x55c8De1Ac17C1A937293416C9BCe5789CbBf61d1,0x86F6c353A0965eB069cD7f4f91C1aFEf8C725551,0xf5436129cf9d8fa2a1cb6e591347155276550635,0xC20129f1dd4DFeD023a6d6A8de9d54A7b61af5CC,0xD420d6C8aA81c087829A64Ce59936b7C1176A81a,0xA2F987A546D4CD1c607Ee8141276876C26b72Bdf,0x07BE9BB2B1789b8F5B2f9345F18378A8B036A171,0x707f9118e33a9b8998bea41dd0d46f38bb963fc8,0x2618e94a7F6118acED2E51e0a05da43D2e2eD40C,0xE3c8A4De3b8A484ff890a38d6D7B5D278d697Fb7,0x2BDfD3De0fF23373B621CDAD0aD3dF1580efE701,0x1982b2F5814301d4e9a8b0201555376e62F82428,0xbd233D4ffdAA9B7d1d3E6b18CCcb8D091142893a,0x66457616dd8489df5d0afd8678f4a260088aaf55,0x8180949ac41EF18e844ff8dafE604a195d86Aea9,0xa9deac9f00dc4310c35603fcd9d34d1a750f81db,0xDe2c414b671d2DB93617D1592f0490c13674de24,0xff04ed5f7a6C3a0F1e5Ea20617F8C6f513D5A77c,0x489F04EEff0ba8441D42736549A1f1d6ccA74775,0x689E03565e36B034EcCf12d182c3DC38b2Bb7D33,0xA9b2F5ce3aAE7374a62313473a74C98baa7fa70E,0xe3224542066d3bbc02bc3d70b641be4bc6f40e36,0x1bdfFe0EBef3FEAdF2723D3330727D73f538959C,0x13C6eF8d45aFBCcF15ec0701567cC9fAD2b63CE8,0xDA1DF6442aFD2EC36aBEa91029794B9b2156ADD0,0xF0211b7660680B49De1A7E9f25C65660F0a13Fea,0xFE5986E06210aC1eCC1aDCafc0cc7f8D63B3F977,0xFeBd8FAC16De88206d4b18764e826AF38546AfE0,0x48c4929630099b217136b64089E8543dB0E5163a,0x935cb3366Faf2cFC415B2099d1F974Fd27202b77,0x22010d1747CaFc370b1f1FBBa61022A313c5693b,0x1F2b79FE297B7098875930bBA6dd17068103897E,0x97615f72c3428A393d65A84A3ea6BBD9ad6C0D74,0x00caAeF11EC545B192f16313F53912E453c91458,0xb0FE4D300334461523D9d61AaD90D0494e1Abb43,0x0535a67ea2D6d46f85fE568B7EaA91Ca16824FEC,0xDc1A0C7849150f466F07d48b38eAA6cE99079f80,0x84f74733ede9bFD53c1B3Ea96338867C94EC313e,0xDFfCD3BF14796a62a804c1B16F877Cf7120379dB,0x4E6D3A5023A38cE2C4c5456d3760357fD93A22cD,0xe07305F43B11F230EaA951002F6a55a16419B707,0x67Fb97ABB9035E2e93A7e3761a0d0571c5d7CD07,0x231Ac69A1A37649C6B06a71Ab32DdD92158C80b8,0xBd2b6dC189EefD51B273F5cb2d99BA1ce565fb8C,0x49d1363016aA899bba09ae972a1BF200dDf8C55F,0x48c135Ff690C2Aa7F5B11C539104B5855A4f9252,0x7E8eFfAb3083fB26aCE6832bFcA4C377905F97d7,0x200dA0b6a9905A377CF8D469664C65dB267009d1,0x958e0D946D014F377421a53AB5f9180d4485e63B,0x83E976758B7AB1bb676A4fEA073Fa0E2A807642B,0x75100bd564415731b5936a4a94d0dc29dde5db3c,0x17F6b2C738a63a8D3A113a228cfd0b373244633D,0x9B1cebF7616f2BC73b47D226f90b01a7c9F86956,0xDE06d17Db9295Fa8c4082D4f73Ff81592A3aC437,0x87D93d9B2C672bf9c9642d853a8682546a5012B5,0x12a43b049A7D330cB8aEAB5113032D18AE9a9030,0xe2A682A9722354D825d1BbDF372cC86B2ea82c8C,0x98be4a407Bff0c125e25fBE9Eb1165504349c37d,0x834560F580764Bc2e0B16925F8bF229bb00cB759,0xa02FC823cCE0D016bD7e17ac684c9abAb2d6D647,0x87D93d9B2C672bf9c9642d853a8682546a5012B5,0x73b047fe6337183A454c5217241D780a932777bD"
,,Aave,Mainnet,,,,,,,,,,,,"0xc2aaCf6553D20d1e9d78E365AAba8032af9c85b0,0x87870Bca3F3fD6335C3F4ce8392D69350B4fA4E2,0x64b761D848206f447Fe2dd461b0c635Ec39EbB27,0x8164Cc65827dcFe994AB23944CBC90e0aa80bFcb,0x2f39d218133AFaB8F2B819B1066c7E434Ad94E9e,0xbaA999AC55EAce41CcAE355c77809e68Bb345170,0x7B4EB56E7CD4b454BA8ff71E4518426369a138a3,0x162A7AC02f547ad796CA549f757e2b8d1D9b10a6,0x91c0eA31b49B69Ea18607702c5d9aC360bf3dE7d,0x91c0eA31b49B69Ea18607702c5d9aC360bf3dE7d,0xD322A49006FC828F9B5B37Ab215F99B4E5caB19C,0xC7be5307ba715ce89b152f3Df0658295b3dbA8E2,0x54586bE62E3c3580375aE3723C145253060Ca0C2,0x464C71f6c2F760DdA6093dCB91C24c39e5d6e18c,0x3d569673dAa0575c936c7c67c4E6AedA69CC630C,0x872fBcb1B582e8Cd0D0DD4327fBFa0B4C2730995,0xB748952c7BC638F31775245964707Bcc5DDFabFC,0x4d5F47FA6A74757f35C14fD3a6Ef8E3C9BC514E8,0x102633152313C81cD80419b6EcF66d14Ad68949A,0xeA51d7853EEFb32b6ee06b1C12E6dcCA88Be0fFE,0x0B925eD163218f6662a35e0f0371Ac234f9E9371,0x39739943199c0fBFe9E5f1B5B160cd73a64CB85D,0xC96113eED8cAB59cD8A66813bCB0cEb29F06D2e4,0x40aAbEf1aa8f0eEc637E0E7d92fbfFB2F26A8b7B,0xA1773F1ccF6DB192Ad8FE826D15fe1d328B03284,0x5Ee5bf7ae06D1Be5997A1A72006FE6C607eC6DE8,0x98C23E9d8f34FEFb1B7BD6a91B7FF122F4e16F5c,0xB0fe3D292f4bd50De902Ba5bDF120Ad66E9d7a39,0x72E95b8931767C79bA4EeE721354d6E99a61D004,0xcF8d0c70c850859266f5C338b38F9D663181C314,0x413AdaC9E2Ef8683ADf5DDAEce8f19613d60D1bb,0x018008bfb33d285247A21d44E50697654f754e63,0x5E8C8A7243651DB1384C0dDfDbE39761E8e7E51a,0x63B1129ca97D2b9F97f45670787Ac12a9dF1110a,0x4228F8895C7dDA20227F6a5c6751b8Ebf19a6ba8,0xBae535520Abd9f8C85E58929e0006A2c8B372F74,0x268497bF083388B1504270d0E717222d3A87D6F2,0xA700b4eB416Be35b2911fd5Dee80678ff64fF6C9"
,,MakerDao,Mainnet,,,,,,,,,,,,"0xdA0Ab1e0017DEbCd72Be8599041a2aa3bA7e740F,0x0D8775F648430679A709E98d2b0Cb6250d2887EF,0x5ef30b9986345249bc32d8928B7ee64DE9435E39,0xc00e94Cb662C3520282E6f5717214004A7f26888,0x373238337Bfe1146fb49989fc222523f83081dDb,0x9175561733D138326FDeA86CdFdF53e92b588276,0xc4bE7F74Ee3743bDEd8E0fA218ee5cf06397f472,0x36a724Bd100c39f0Ea4D3A20F7097eE01A8Ff573,0x6eEB68B2C7A918f36B78E2DB80dcF279236DDFb8,0x5a464C28D19848f44199D003BeF5ecc87d090F87,0xdd974D5C2e2928deA5F71b9825b8b646686BD200,0x514910771AF9Ca656af840dff83E8264EcF986CA,0xBBbbCA6A901c926F240b89EacB641d8Aec7AEafD,0x0F5D2fB29fb7d3CFeE444a200298f468908cC942,0x0a3f6849f78076aefaDf113F5BED87720274dDC0,0xa5679C04fc3d9d8b0AaB1F0ab83555b301cA70Ea,0x6B175474E89094C44Da98b954EedeAC495271d0F,0xbaa65281c2FA2baAcb2cb550BA051525A480D3F4,0x0e2e8F1D1326A4B9633D96222Ce399c708B19c28,0x09e05fF6142F2f9de8B6B65855A1d56B6cfE4c58,0xa4f79bC4a5612bdDA35904FDF55Fc4Cb53D1BFf6,0x2e118153D304a0d9C5838D5FCb70CEfCbEc81DC2,0x1f546560EAa70985d962f1562B65D4B182341a63,0x7d9f92DAa9254Bbd1f479DBE5058f74C2381A898,0x82c41e2ADE28C066a5D3A1E3f5B444a4075C1584,0x7B1696677107E48B152e9Bf400293e98B7D86Eb1,0x6856CCA4c881CAf29B6563bA046C7Bb73121fb9d,0xABbCd14FeDbb2D39038327055D9e615e178Fd64D,0xA2a4aeFEd398661B0a873d3782DA121c194a0201,0x9B207AfAAAD1ae300Ea659e71306a7Bd6D81C160,0x00A0F90666c6Cd3E615cF8459A47e89A08817602,0xD6FE411284b92d309F79e502Dd905D7A3b02F561,0x1Cf3DE6D570291CDB88229E70037d1705d5be748,0x5f4CEa97ca1030C6Bd38429c8a0De7Cd4981C70A,0xebe5e9D77b9DBBA8907A197f4c2aB00A81fb0C4e,0xA41B6EF151E06da0e34B009B86E828308986736D,0x9f8F72aA9304c8B593d555F12eF6589cC3A579A2,0x4F5f0933158569c026d617337614d00Ee6589B6E,0x3D0B1912B66114d4096F48A8CEe3A56C231772cA,0xBEa7cDfB4b49EC154Ae1c0D731E4DC773A3265aA,0x9759A6Ac90977b93B58547b4A71c78317f391A28,0x2F0b23f53734252Bda2277357e97e1517d6B042A,0x475F1a89C1ED844A08E8f6C50A00228b5E59E4A9,0xdFccAf8fDbD2F4805C174f856a317765B49E4a50,0x6C186404A7A238D3d6027C0299D1822c1cf5d8f1,0xA6EA3b9C04b8a38Ff5e224E7c3D6937ca44C0ef9,0x7e62B7E279DFC78DEB656E34D6a435cC08a44666,0x4454aF7C8bb9463203b66C816220D41ED7837f44,0xA191e578a6736167326d05c119CE0c90849E84B7,0x2600004fd1585f7270756DDc88aD9cfA10dD0428,0x0Ac6A1D74E84C2dF9063bDDc31699FF2a2BB22A2,0xBF72Da2Bd84c5170618Fbe5914B0ECA9638d5eb5,0xc7e8Cd72BDEe38865b4F5615956eF47ce1a7e5D0,0x19c0976f590D67707E62397C87829d896Dc0f1F1,0xbE286431454714F511008713973d3B053A2d38f3,0xBE8E3e3618f7474F8cB1d074A26afFef007E98FB,0x197E90f9FAD81970bA7976f33CbD77088E5D7cf7,0x65C79fcB50Ca1594B025960e539eD7A9a6D434A3,0x35D1b3F3D7966A1DFe207aa4514C12a259A0492B,0xA950524441892A31ebddF91d3cEEFa04Bf454466,0x5e227AD1969Ea493B43F840cfF78d08a6fc17796,0x76416A4d5190d071bfed309861527431304aA14f,0x8E870D67F660D95d5be530380D0eC0bd388289E1,0xB4eb54AF9Cc7882DF0121d26c5b97E802915ABe6,0xBED0879953E633135a48a157718Aa791AC0108E4,0x81FE72B5A8d1A857d176C3E7d5Bd2679A9B85763,0xf36B79BD4C0904A5F350F1e4f776B81208c13069,0x9B0C694C6939b5EA9584e9b61C7815E8d97D9cC7,0x9eb923339c24c40Bef2f4AF4961742AA7C23EF3a,0x8067259EA630601f319FccE477977E55C6078C13,0x043B963E1B2214eC90046167Ea29C2c8bDD7c0eC,0xeE13831ca96d191B688A670D47173694ba98f1e5,0x77b68899b99b686F415d074278a9a16b336085A0,0x7a5918670B0C390aD25f7beE908c1ACc2d314A3C,0xf185d0682d50819263941e5f4EacC763CC5C6C42,0x7382c066801E7Acb2299aC8562847B9883f5CD3c,0x82ecD135Dce65Fbc6DbdD0e4237E0AF93FFD5038,0x07ee93aEEa0a36FfF2A9B95dd22Bd6049EE54f26,0x7AfF9FC9faD225e3c88cDA06BC56d8Aca774bC57,0x1b93556AB8dcCEF01Cd7823C617a6d340f53Fb58,0xA26e15C895EFc0616177B7c1e7270A4C7D51C997,0x6bda13D43B7EDd6CAfE1f70fB98b5d40f61A1370,0x4678f0a6958e4D2Bc4F1BAF7Bc52E8F3564f3fE4,0x0000000000085d4780B73119b644AE5ecd22b376,0xE41d2489571d322189246DaFA5ebDe1F4699F498,0x08638eF1A205bE6762A8b935F5da9b700Cf7322c,0x19E26067c4a69B9534adf97ED8f986c49179dE18,0xba100000625a3754423978a60c9317c58a424e3D,0x3ff860c0F28D69F392543A16A397D0dAe85D16dE,0x4a03Aa7fb3973d8f0221B466EefB53D0aC195f55,0x79564a41508DA86721eDaDac07A590b5A51B2c01,0x0bc529c00C6401aEF6D220BE8C6Ea1667F6Ad93e,0x5F122465bCf86F45922036970Be6DD7F58820214,0x3ff33d9162aD47660083D7DC4bC02Fb231c81677,0x1f206d7916Fd3B1b5B0Ce53d5Cab11FCebc124DA,0x4ACdbe9dd0d00b36eC2050E805012b8Fc9974f2b,0x056Fd409E1d7A124BD7017459dFEa2F387b6d5Cd,0xe29A14bcDeA40d83675aa43B72dF07f649738C8b,0xC287E4e9017259f3b21C86A0Ef7840243eC3f4d6,0xf45Ae69CcA1b9B043dAE2C83A5B65Bc605BEc5F5,0x6FCD258af181B3221073A96dD90D1f7AE7eEc408,0x1f9840a85d5aF5bf1D1762F925BDADdC4201F984,0x3BC3A58b4FC1CbE7e98bB4aB7c99535e8bA9b8F1,0xeA7FE6610e6708E2AFFA202948cA19ace3F580AE,0xf363c7e351C96b910b92b45d34190650df4aE8e7,0xEB4C2781e4ebA804CE9a9803C67d0893436bB27D,0xFD5608515A47C37afbA68960c1916b79af9491D0,0xcC89F368aad8D424d3e759c1525065e56019a0F4,0xC7Bdd1F2B16447dcf3dE045C4a039A60EC2f0ba3,0x7Fc66500c84A76Ad7e9c93437bFc5Ac33E2DDaE9,0x24e459F61cEAa7b1cE70Dbaea938940A7c5aD46e,0x76024a8EfFCFE270e089964a562Ece6ea5f3a14C,0x8Df8f06DC2dE0434db40dcBb32a82A104218754c,0xA478c2975Ab1Ea89e8196811F51A7B7Ade33eB11,0x2502F65D77cA13f183850b5f9272270454094A08,0xf738C272D648Cc4565EaFb43c0C5B35BbA3bf29d,0xFc8137E1a45BAF0030563EC4F0F851bd36a85b7D,0x0A59649758aa4d66E25f08Dd01271e891fe52199,0xbeE028b5Fa9eb0aDAC5eeF7E5B13383172b91A4E,0x89B78CfA322F6C5dE0aBcEecab66Aee45393cC5A,0xBb2b8038a1640196FbE3e38816F3e67Cba72D940,0xDc26C9b7a8fe4F5dF648E314eC3E6Dc3694e6Dd2,0xC94ee71e909DbE08d63aA9e6EFbc9976751601B4,0x8400D2EDb8B97f780356Ef602b1BdBc082c2aD07,0xB4e16d0168e52d35CaCD2c6185b44281Ec28C9Dc,0x03Ae53B33FeeAc1222C3f372f32D37Ba95f0F099,0x022ff40643e8b94C43f0a1E54f51EF6D070AcbC4,0xf751f24DD9cfAd885984D1bA68860F558D21E52A,0xAE461cA67B15dc8dc81CE7615e0320dA1A9aB8D5,0xA81598667AC561986b70ae11bBE2dd5348ed4327,0xbEF2ab2aA5CC780A03bccf22AD3320c8CF35af6A,0x25D03C2C928ADE19ff9f4FFECc07d991d0df054B,0x0d4a11d5EEaaC28EC3F61d100daF4d40471f1852,0x4aAD139a88D2dd5e7410b408593208523a3a891d,0xA475582E3D6Ec35091EaE81da3b423C1B27fa029,0x5f6dD5B421B8d92c59dC6D907C9271b1DBFE3016,0xa2107FA5B38d9bbd2C461D6EDf11B11A50F6b974,0xDae88bDe1FB38cF39B6A02b595930A3449e593A6,0x8aCeC2d937a4A4cAF42565aFbbb05ac242134F14,0xd7d31e62AE5bfC3bfaa24Eda33e8c32D31a1746F,0xd3d2E2692501A5c9Ca623199D38826e513033a17,0xf11a98339FE1CdE648e8D1463310CE3ccC3d7cC1,0xad609Ed16157014EF955C94553E40e94A09049f0,0x8462A88f50122782Cc96108F476deDB12248f931,0x231B7589426Ffe1b75405526fC32aC09D44364c4,0xD40798267795Cbf3aeEA8E9F8DCbdBA9b5281fcC,0x863AEa7D2c4BF2B5Aa191B057240b6Dc29F532eB,0x5bB72127a196392cf4aC00Cf57aB278394d24e55,0xDFC14d2Af169B0D36C4EFF567Ada9b2E0CAE044f,0x42AFd448Df7d96291551f1eFE1A590101afB1DfF,0x5396e541E1F648EC03faf338389045F1D7691960,0x32d8416e8538Ac36272c44b0cd962cD7E0198489,0xB20bd5D04BE54f870D5C0d3cA85d82b34B836405,0xAf034D882169328CAf43b823a4083dABC7EEE0F4,0x4E88cE740F6bEa31C2b14134F6C5eB2a63104fcF,0x9A1CD705dc7ac64B50777BcEcA3529E58B1292F1,0x10b2aA5D77Aa6484886d8e244f0686aB319a270d,0x76A9f30B45F4ebFD60Ce8a1c6e963b1605f7cB6d,0x476b81c12Dc71EDfad1F64B9E07CaA60F4b156E2,0x88f88Bb9E66241B73B84f3A6E197FbBa487b1E30,0xa3342059BcDcFA57a13b12a35eD4BBE59B873005,0x486C85e2bb9801d14f6A8fdb78F5108a0fd932f2,0xb3eFb912e1cbC0B26FC17388Dd433Cecd2206C3d,0xF04a5cC80B1E94C69B48f5ee68a08CD2F09A7c3E,0x1c4fC274D12b2e1BBDF97795193D3148fCDa6108,0xAAA760c2027817169D7C8DB0DC61A2fb4c19AC23,0xd2473237E20Bd52F8E7cE0FD79403A6a82fbAEC8,0xe72C7e90bc26c11d45dBeE736F0acf57fC5B7152,0x225B3da5BE762Ee52B182157E67BeA0b31968163,0x2474F297214E5d96Ba4C81986A9F0e5C260f445D,0x135954d155898D42C90D2a57824C690e0c7BEf1B,0x79FBDF16b366DFb14F66cE4Ac2815Ca7296405A0,0x832Dd5f17B30078a5E46Fdb8130A68cBc4a74dC0,0x9daCc11dcD0aa13386D295eAeeBBd38130897E6f,0xc67963a226eddd77B91aD8c421630A1b0AdFF270,0x71eb894330e8a4b96b8d6056962e7F116F50e06F,0xc2b12567523e3f3CBd9931492b91fe65b240bc47,0x0227b54AdbFAEec5f1eD1dFa11f54dcff9076e2C,0x3D22e6f643e2F4c563fD9db22b229Cbb0Cd570fb,0xdc90d461E148552387f3aB3EBEE0Bdc58Aa16375,0x006Aa3eB5E666D8E006aa647D4afAB212555Ddea,0xF5C8176E1eB0915359E46DEd16E52C071Bb435c0,0x2Bb690931407DCA7ecE84753EA931ffd304f0F38,0x81C5CDf4817DBf75C7F08B8A1cdaB05c9B3f70F7,0x6AAc067bb903E633A422dE7BE9355E62B3CE0378,0x3713F83Ee6D138Ce191294C131148176015bC29a,0x834719BEa8da68c46484E001143bDDe29370a6A3,0x8723b74F598DE2ea49747de5896f9034CC09349e,0x9F6981bA5c77211A34B76c6385c0f6FA10414035,0x93AE03815BAF1F19d7F18D9116E4b637cc32A131,0x2aC4C9b49051275AcB4C43Ec973082388D015D48,0x4fC53a57262B87ABDa61d6d0DB2bE7E9BE68F6b8,0xb15afaB996904170f87a64Fe42db0b64a6F75d24,0x6aa0520354d1b84e1C6ABFE64a708939529b619e,0xb0ece6F5542A4577E2f1Be491A937Ccbbec8479e,0x854b252BA15eaFA4d1609D3B98e00cc10084Ec55,0xe4B82Be84391b9e7c56a1fC821f47569B364dd4a,0x046b1A5718da6A226D912cFd306BA19980772908,0x5590F23358Fe17361d7E4E4f91219145D8cCfCb3,0x0F6f88f8A4b918584E3539182793a0C276097f44,0xFC9D6Dd08BEE324A5A8B557d2854B9c36c2AeC5d,0xBCb396Cd139D1116BD89562B49b9D1d6c25378B0,0xa47D68b9dB0A0361284fA04BA40623fcBd1a263E,0x66609b4799fd7cE12BA799AD01094aBD13d5014D,0x9B3310708af333f6F379FA42a5d09CBAA10ab309,0x60744434d6339a6B27d73d9Eda62b6F66a0a04FA,0x07F0A80aD7AeB7BfB7f139EA71B3C8f7E17156B9,0xDeF7E88447F7D129420FC881B2a854ABB52B73B8,0x1Fe789BBac5b141bdD795A3Bc5E12Af29dDB4b86,0x7bF825718e7C388c3be16CFe9982539A7455540F,0x2A9798c6F165B6D60Cfb923Fe5BFD6f338695D9B,0x873F2101047A62F84456E3B2B13df2287925D3F9,0x5eEE1F3d14850332A75324514CcbD2DBC8Bbc566,0xD50a8e9369140539D1c2D113c4dC1e659c6242eB,0xeF1699548717aa4Cf47aD738316280b56814C821,0xe1ed3F588A98bF8a3744f4BF74Fd8540e81AdE3f,0x6DB236515E90fC831D146f5829407746EDdc5296,0x8E6039C558738eb136833aB50271ae065c700d2B,0xA4fD373b93aD8e054970A3d6cd4Fd4C31D08192e,0xc40907545C57dB30F01a1c2acB242C7c7ACB2B90,0x5b702e1fEF3F556cbe219eE697D7f170A236cc66,0x4EE03cfBF6E784c462839f5954d60f7C2B60b113,0xB8AeCF04Fdf22Ef6C0c6b6536896e1F2870C41D3,0x5E11E34b6745FeBa9449Ae53c185413d6EdC66BE,0x0C185bf5388DdfDB288F4D875265d456D18FD9Cb,0x8Fe38D1E4293181273E2e323e4c16e0D1d4861e3,0xD897F108670903D1d6070fcf818f9db3615AF272,0x7bbd8cA5e413bCa521C2c80D8d1908616894Cf21,0x5322a3551bc6a1b39d5D142e5e38Dc5B4bc5B3d2,0xC19eAc21A4FccdD30812F5fF5FebFbD6817b7593,0x961Ae24a1Ceba861D1FDf723794f6024Dc5485Cf,0x7D1AfA7B718fb893dB30A3aBc0Cfc608AaCfeBB0,0x885f16e177d45fC9e7C87e1DA9fd47A9cfcE8E13,0x29342F530ed6120BDB219D602DaFD584676293d1,0xdF8C347B06a31c6ED11f8213C2366348BFea68dB,0x8874964279302e6d4e523Fb1789981C39a1034Ba,0xE1820A2780193d74939CcA104087CADd6c1aA13A,0xa4c22f0e25C6630B2017979AcF1f865e94695C4b,0x0fC8D4f2151453ca0cA56f07359049c8f07997Bd,0xAbDDAfB225e10B90D798bB8A886238Fb835e2053,0xbFD445A97e7459b0eBb34cfbd3245750Dba4d7a4,0x5048c5Cd3102026472f8914557A1FD35c8Dc6c9e,0x25B17065b94e3fDcD97d94A2DA29E7F77105aDd7,0x7F6d78CC0040c87943a0e0c140De3F77a273bd58,0x6D635c8d08a1eA2F1687a5E46b666949c977B7dd,0x10E6593CDda8c58a1d0f14C5164B376352a55f2F,0x467194771dAe2967Aef3ECbEDD3Bf9a310C76C65,0x09B354CDA89203BB7B3131CC728dFa06ab09Ae2F,0xD3B5b60020504bc3489D6949d545893982BA3011,0xA10c7CE4b876998858b1a9E12b10092229539400,0x9ba25c289e351779E0D481Ba37489317c34A899d,0xae7ab96520DE3A18E5e111B5EaAb095312D7fE84,0x7f39C581F595B53c5cb19bD0b3f8dA6c935E2Ca0,0xFe7a2aC0B945f12089aEEB6eCebf4F384D9f043F,0x10CD5fbe1b404B7E19Ef964B63939907bdaf42E2,0x49A33A28C4C7D9576ab28898F4C9ac7e52EA457A,0x15282b886675cc1Ce04590148f456428E87eaf13,0x028171bCA77440897B824Ca71D1c56caC55b68A3,0x615984F33604011Fcd76E9b89803Be3816276E61,0x9C170dd80Ee2CA5bfDdF00cbE93e8faB2D05bA6D,0x779D0fD012815D4239BAf75140e6B2971BEd5113,0x6A858592fC4cBdf432Fc9A1Bc8A0422B99330bdF,0x1AB3145E281c01a1597c8c62F9f060E8e3E02fAB,0xf1738d22140783707Ca71CB3746e0dc7Bf2b0264,0xfA8c996e158B80D77FbD0082BB437556A65B96E0,0xe30663C6f83A06eDeE6273d72274AE24f1084a22,0xeb911E99D7ADD1350DC39d84D60835BA9B287D96,0x7f62f9592b823331E012D3c5DdF2A7714CfB9de2,0x39F29773Dcb94A32529d0612C6706C49622161D1,0x4fa2A328E7f69D023fE83454133c273bF5ACD435,0x79A0FA989fb7ADf1F8e80C93ee605Ebb94F7c6A5,0xf93CC3a50f450ED245e003BFecc8A6Ec1732b0b2,0x7f67a68a0ED74Ea89A82eD9F243C159ed43a502a,0x204659B2Fd2aD5723975c362Ce2230Fba11d3900,0x50379f632ca68D36E50cfBC8F78fe16bd1499d1e,0xA7e4dDde3cBcEf122851A7C8F7A55f23c0Daf335,0xB55da3d3100C4eBF9De755b6DdC24BF209f6cc06,0xef051Ca2A2d809ba47ee0FC8caaEd06E3D832225,0xcCBa43231aC6eceBd1278B90c3a44711a00F4e93,0x0716F25fBaAae9b63803917b6125c10c313dF663,0xD6C7FD4392D328e4a8f8bC50F4128B64f4dB2d4C,0xBe0274664Ca7A68d6b5dF826FB3CcB7c620bADF3,0x8377CD01a5834a6EaD3b7efb482f678f2092b77e,0xaFB21A0e9669cdbA539a4c91Bf6B94c5F013c0DE,0xa2f69F8B9B341CFE9BfBb3aaB5fe116C89C95bAF,0x38f7C166B5B22906f04D8471E241151BA45d97Af,0x06325440D014e39736583c165C2963BA99fAf14E,0xEa508F82728927454bd3ce853171b0e2705880D4,0x82D8bfDB61404C796385f251654F6d7e92092b5D,0x1926862F899410BfC19FeFb8A3C69C7Aed22463a,0x8a4780acABadcae1a297b2eAe5DeEbd7d50DEeB8,0x2Cc583c0AaCDaC9e23CB601fDA8F1A0c56Cdcb71,0x248cCBf4864221fC0E840F29BB042ad5bFC89B5c,0x3ea60191b7d5990a3544B6Ef79983fD67e85494A,0x95098b29F579dbEb5c198Db6F30E28F7f3955Fbb,0x0085c9feAb2335447E1F4DC9bf3593a8e28bdfc7,0x69Cf63ed6eD57Ad129bF67EB726Ae1bd293edbB0,0xc238E3D63DfD677Fa0FA9985576f0945C581A266,0x0437465dfb5B79726e35F08559B0cBea55bb585C,0x9F96fE0633eE838D0298E8b8980E6716bE81388d,0x2385C60D2756Ed8CA001817fC37FDa216d7466c0,0xc662c410C0ECf747543f5bA90660f6ABeBD9C8c4,0xb9737098b50d7c536b6416dAeB32879444F59fCA,0x2623dE50D8A6FdC2f0D583327142210b8b464bfd,0x56eDD5067d89D4E65Bf956c49eAF054e6Ff0b262,0x495215cabc630830071F80263a908E8826a66121,0xa397a23dDA051186F202C67148c90683c413383C,0x21CF5Ad1311788D762f9035829f81B9f54610F0C,0x8b9734bbaA628bFC0c9f323ba08Ed184e5b88Da2,0xdc7D370A089797Fe9556A2b0400496eBb3a61E44,0xEe0FC514280f09083a32AE906cCbD2FAc4c680FA,0x1818EE501cd28e01E058E7C283E178E9e04a1e79,0x6C6d4Be2223B5d202263515351034861dD9aFdb6,0x508D982e13263Fc8e1b5A4E6bf59b335202e36b4,0x2B3a4c18705e99bC29b22222dA7E10b643658552,0x41Ca7a7Aa2Be78Cf7CB80C0F4a9bdfBC96e81815,0x324a895625E7AE38Fc7A6ae91a71e7E937Caa7e6,0xeEf8B35eD538b6Ef7DbA82236377aDE4204e5115,0x920347f49a9dbe50865EB6161C3B2774AC046A7F,0xA7C088AAD64512Eff242901E33a516f2381b8823,0x22218359E78bC34E532B653198894B639AC3ed72,0x078fb926b041a816FaccEd3614Cf1E4bc3C723bD,0x7bb4BcA758c4006998a2769776D9E4E6D86e0Dab,0x476aaD14F42469989EFad0b7A31f07b795FF0621,0x481bA2d2e86a1c41427893899B5B0cEae41c6726,0xef1B095F700BE471981aae025f92B03091c3AD47,0xc8bb4e2B249703640e89265e2Ae7c9D5eA2aF742,0x58f5e979eF74b60a9e5F955553ab8e0e65ba89c9,0x701C3a384c613157bf473152844f368F2d6EF191,0xae78736Cd615f374D3085123A210448E74Fc6393,0xeE7F0b350aA119b3d05DC733a4621a81972f7D47,0xC6424e862f1462281B0a5FAc078e4b63006bDEBF,0x27CA5E525ea473eD52Ea9423CD08cCc081d96a98,0xc59B62AFC96cf9737F717B5e5815070C0f154396,0x659a00c33263d9254Fed382dE81349426C795BB6,0x95D8367B74ef8C5d014ff19C212109E243748e28,0x2123159d2178f07E3899d9d22aad2Fb177B59C48,0x12F36cdEA3A28C35aC8C6Cc71D9265c17C74A27F,0x621fE4Fde2617ea8FFadE08D0FF5A862aD287EC2,0xD0eA20f9f9e64A3582d569c8745DaCD746274AEe,0x0e2bf18273c953B54FE0a9dEC5429E67851D9468,0x9eed6763BA8D89574af1478748a7FDF8C5236fE0,0x6810e776880C02933D47DB1b9fc05908e5386b96,0xd800ca44fFABecd159c7889c3bf64a217361AEc8,0x7bD3f01e24E0f0838788bC8f573CEA43A80CaBB5,0xd9e758bd239e5d568f44D0A748633f6a8d52CBbb,0x17b6D0e4237ea7F880aF5F58257cd232a04171D9,0x20C72C1fdd589C4Aaa8d9fF56a43F3B17BA129f8,0xfBAa6a09A39D485a5Be9F5ebfe09C602E63b21EF,0xde2828c3F7B2161cF2a1711edc36c73C56EA72aE,0x4866d5d24CdC6cc094423717663b2D3343d4EFF9,0x1F5C294EF3Ff2d2Da30ea9EDAd490C28096C91dF,0x0b126F85285d1786F52FC911AfFaaf0d9253e37a,0x8bDC64d73da9631C962C4932a391CB78065ce7a9,0x9048cb84F46e94Ff312DcC50f131191c399D9bC3,0x32C9bBA0841F2557C10d3f0d30092f138251aFE6,0x8e74e529049bB135CF72276C1845f5bD779749b0,0x3c7f1379B5ac286eB3636668dEAe71EaA5f7518c,0x4FA7c611bD25DA38bC929C2A67290FbE49DDFF56,0x75646F68B8c5d8F415891F7204978Efb81ec6410,0xB22E9DBF60a5b47c8B2D0D6469548F3C2D036B7E,0x795b917eBe0a812D406ae0f99D71caf36C307e21,0x66aE0574Eb28B92c82569b293B856BB99f80F040,0x5846Aee09298f8F3aB5D837d540232d19e5d5813,0x634051fbA31829E245C616e79E289f89c8B851c2,0x9c257e5Aaf73d964aEBc2140CA38078988fB0C10,0xAfA2DD8a0594B2B24B59de405Da9338C4Ce23437,0x104FaDbb7e17db1A685bBa61007DfB015206a4D2,0xCBD53B683722F82Dc82EBa7916065532980d4833,0x75dCa04C4aCC1FfB0AEF940e5b49e2C17416008a,0xfeDAB3d532Af95b10F064c73bebEF68a0d0A5f36,0xAd722E51569EF41861fFf5e11942a8E07c7C309e,0xf082566Ac42566cF7B392C8e58116a27eEdcBe63,0x71eC6d5Ee95B12062139311CA1fE8FD698Cbe0Cf,0x6B86bA08Bd7796464cEa758061Ac173D0268cf49,0x391470cD3D8307AdC051d878A95Fa9459F800Dbc,0xD7cBDFdE553DE2063caAfBF230Be135e5DbB5064,0xf5E5E706EfC841BeD1D24460Cd04028075cDbfdE,0xDa28e04514E718271b37c9F36fbaf45b4BF42dF4,0x8938988f7B368f74bEBdd3dcd8D6A3bd18C15C0b,0xebFDaa143827FD0fc9C6637c3604B75Bbcfb7284,0xc27C3D3130563C1171feCC4F76C217Db603997cf,0xe08cb5E24862eA86328295D5E5c08972203C20D8,0xB9373C557f3aE8cDdD068c1644ED226CfB18A997,0x1a976926bF6105Ff6dA1F7b1667bBe825974961E,0xC35E60736ec2E3de612535dba2dFB1f4130C82c3"
,,Uniswap v3,Mainnet,,,,,,,,,,,,"0x1F98431c8aD98523631AE4a59f267346ea31F984,0x5BA1e12693Dc8F9c48aAD8770482f4739bEeD696,0xB753548F6E010e7e680BA186F9Ca1BdAB2E90cf2,0xbfd8137f7d1516D3ea5cA83523914859ec47F573,0xb27308f9F90D607463bb33eA1BeBb41C27CE5AB6,0xE592427A0AEce92De3Edee1F18E0157C05861564,0x42B24A95702b9986e82d421cC3568932790A48Ec,0x91ae842A5Ffd8d12023116943e72A606179294f3,0xEe6A57eC80ea46401049E92587E52f5Ec1c24785,0xC36442b4a4522E871399CD717aBDD847Ab11FE88,0xA5644E29708357803b5A882D272c41cC0dF92B34"
,,Curve Fi,Mainnet,,,,,,,,,,,,"0x7ca5b0a2910B33e9759DC7dDB0413949071D7575,0xeB21209ae4C2c9FF2a86ACA31E123764A3B6Bc06,0x845838DF265Dcd2c412A1Dc9e959c7d08537f8a2,0xA2B47E3D5c44877cca798226B7B8118F9BFb7A56,0x9fC689CCaDa600B6DF723D9E47D84d76664a1F23,0xac795D2c97e60DF6a99ff1c814727302fD747a80,0xBC89cd85491d81C6AD2954E6d0362Ee29fCa8F53,0x52EA46506B9CC5Ef470C5bf89f17Dc28bB35D85C,0x45F783CCE6B7FF23B2ab2D70e416cdb7D6055f51,0xdF5e0e81Dff6FAF3A7e52BA697820c5e32D806A8,0xbBC81d23Ea2c3ec7e56D39296F0cbB648873a5d3,0xFA712EE4788C042e2B7BB55E6cb8ec569C4530c1,0x0001FB050Fe7312791bF6475b96569D83F695C9f"
,,Convex Fi,Mainnet,,,,,,,,,,,,"0x989AEb4d175e16225E39E87d0D97A3360524AD80,0xa3C5A1e09150B75ff251c1a7815A07182c3de2FB,0x947B7742C403f20e5FaCcDAc5E092C943E7D0277,0x4e3FBD56CD56c3e72c1403e103b45Db9da5B9D2B,0x62B9c7356A2Dc64a1969e19C23e4f579F9810Aa7,0x8014595F2AB54cD7c604B00E9fb932176fDc86Ae,0xEdCCB35798fae4925718A43cc608aE136208aa8D,0xEdCCB35798fae4925718A43cc608aE136208aa8D,0x3c995e43E6ddD551E226F4c5544C77BfeD147aB9,0x877288c4e6EbA4f635bA7428706447353B47De75,0xCF50b810E57Ac33B91dCF525C6ddd9881B139332,0x3Fe65692bfCD0e6CF84cB1E7d24108E434A7587e,0x3cE6408F923326f81A7D7929952947748180f1E6,0xF403C135812408BFbE8713b5A23a04b3D48AAE31,0x25E12482a25CF36EC70fDA2A09C1ED077Fc21616,0x5F465e9fcfFc217c5849906216581a657cd60605,0xe98984aD858075813AdA4261aF47e68A64E28fCC,0xa1Bc2Cf69D474b39B91665e24E7f2606Ed142991,0x2E088A0A19dda628B4304301d1EA70b114e4AcCd,0x92Cf9E5e4D1Dfbf7dA0d2BB3e884a68416a65070,0xDd49A93FDcae579AE50B4b9923325e9e335ec82B,0x3f29cB4111CbdA8081642DA1f75B3c12DECf2516,0x05767d9EF41dC40689678fFca0608878fb3dE906,0x33F6DDAEa2a8a54062E021873bCaEE006CdF4007,0x1389388d01708118b497f59521f6943Be2541bb7,0xD18140b4B819b895A3dba5442F959fA44994AF50,0x72a19342e8F1838460eBFCCEf09F6585e32db86E,0xb5BBC863BAFE5006c68613B89130812a7b586A4e,0xDecc7d761496d30F30b92Bdf764fb8803c79360D,0x9B622f2c40b80EF5efb14c2B2239511FfBFaB702,0xaa0C3f5F7DFD688C6E646F66CD2a6B66ACdbE434,0xadd2F542f9FF06405Fabf8CaE4A74bD0FE29c673,0x5Fba69a794F395184b5760DAf1134028608e5Cd1,0xD20904e5916113D11414F083229e9C8C6F91D1e1,0x5F47010F230cE1568BeA53a06eBAF528D05c5c1B"
,,Coinbase Wrapped Staked ETH,Mainnet,,,,,,,,,,,,0xBe9895146f7AF43049ca1c1AE358B0541Ea49704
,,Compound Fi III,Mainnet,,,,,,,,,,,,"0xc3d688B66703497DAA19211EEdff47f25384cdc3,0xA17581A9E3356d9A858b789D68B4d866e593aE94"
,,Instadapp,Mainnet,,,,,,,,,,,,"0x2971adfa57b20e5a416ae5a708a8655a9c74f723,0x4c8a1BEb8a87765788946D6B19C6C6355194AbEb,0xFE02a32Cbe0CB9ad9A945576A5bb53A3C123A3A3,0x97b0B3A8bDeFE8cB9563a3c610019Ad10DB8aD11,0x8a5419CfC711B2343c17a6ABf4B2bAFaBb06957F,0xCBA828153d3a85b30B5b912e1f2daCac5816aE9D,0x619Ad2D02dBeE6ebA3CDbDA3F98430410e892882,0x10c7B513b7d37f40bdBCE77183b9112ec35CAec1,0x28849D2b63fA8D361e5fc15cB8aBB13019884d09"
,,Rocket Pool,Mainnet,,,,,,,,,,,,"0xd33526068d116ce69f19a9ee46f0bd304f21a51f, 0xae78736cd615f374d3085123a210448e74fc6393"
,,PancakeSwap,BSC,,,,,,,,,,,,"0xa5f8C5Dbd5F286960b9d90548680aE5ebFf07652,0xcA143Ce32Fe78f1f7019d7d551a6402fC5350c73,0x10ED43C718714eb63d5aA57B78B54704E256024E,0x17539cCa21C7933Df5c980172d22659B8C345C5A,0x0BFbCF9fa4f9C56B0F40a671Ad40E0805A091865,0x13f4EA83D0bd40E75C8222255bc855a974568Dd4,0x46A15B0b27311cedF172AB29E4f4766fbE7F4364,0x36bBb126e75351C0DfB651e39b38fe0BC436FFD2,0xC6665d98Efd81f47B03801187eB46cbC63F328B0,0x73feaa1eE314F8c655E354234017bE2193C9E24E,0xa5f8C5Dbd5F286960b9d90548680aE5ebFf07652,0x556B9306565093C855AEA9AE92A594704c2Cd59e,0x45c54210128a065de780C4B0Df3d16664f7f859e"
