,Attack Name,Network,ProtocolContracts,MatchingHashes
0,Level Finance,BSC,"0xa5abfb56a78d2bd4689b25b8a77fd49bb0675874,0xb5c42f84ab3f786bca9761240546aa9cec1f8821,0x4265af66537f7be1ca60ca6070d97531ec571bdd,0xcc5368f152453d497061cb1fb578d2d3c54bd0a0,0xbd8638c1ff477275e49aaae3e4691b74ae76becd,0xf584a17df21afd9de84f47842eceaf6042b1bb5b,0x04db83667f5d59ff61fa6bbbd894824b233b3693,0xe423bb0a8b925eabf625a8f36b468ab009a854e7,0x6cd4c40016f10e1609f16fb4a84cae4700a4dad6,0x8826c45dab800697c48ea87322ac0a6ed70ce4a4,0x3d54a363bc92a2da545f39a0f09de62a2cc7e62d,0x6023c6afa26a68e05672f111fdbb1de93cbac621,0x360071d15cce5542e6b7209752ea479b84b28625,0xa0e6b7ae9f4d284df33d41b1355ac28cbdc64f8c,0x8f886b4b10344289cead777953f95fa0317bcd33,0x6442b001c5acce8cb71986ad65b22684821a927a,0x4d91cf959c86888df1ed20877b27fa0c7bc08147,0xb64e280e9d1b5dbec4accedb2257a87b400db149,0x9a1409a1b7826a80b6c6d33f85a342cd9448fb54,0x92a0a11a57c28d4c86a629530fd59b83b1276003,0x804bbb7a06c0934571aad137360215ef1335e6a1,0xbe2b6c5e31f292009f495ddbda88e28391c9815e,0x87cc04d6fe59859cb7eb6d970ebc22dcdcbc9368,0xb07953f23545796710957faec97f05b21146ac2d,0x8bff27e9fa1c28934554e6b5239fb52776573619,0x63b487204a76ba4962d384dc41f7b06e880c8d80,0x4385d6e60ae5f53e63d0a69af4434a249014dcb2,0x31a3cdcc3a04fd8a1888e33e38b9d2bb72d6b1dc,0x4aa34261769ba17faa10b99bacf63baca4238205,0x8e532b2dba81c4474e1ee2e0a35cd25347f2ad3b,0x1ab33a7454427814a71f128109fe5b498aa21e5d,0x5ae081b6647aef897dec738642089d4bda93c0e7,0xe5f3b669fd58af914111759da054f3029734678c,0x08a12ffedf49fa5f149c73b07e31f99249e40869,0x95883611685a20936ec935b0a33f82e11d478e3d,0x22e7f559be09b6a758f02a84ddc64f45642206a1,0x977087422c008233615b572fbc3f209ed300063a,0x4980c82cf6a4bf0a3265985d4bc01120a0c6bb22,0xf1fe97cea2cd0ba34a73e26635c77c410030fe8e,0x2ed6ced074b2e822d3afc1949a4433bf4654a43a,0x712a2e08c67cd7153f04fdb3037d4696300921d0,0xc31bccd2106dae0b27c2c7e1385e12cef4512f5e,0xd463eec58d1eb7f94865e2f2c09f097f7eb0b895,0x30f00859a0b4893b8201cb6478434eb8ddb9195a,0xe3197276dc213f62d49b0ee77e61b6a927609eae,0xc0717eb8ad66d0b3bf16bbe0bac0fb605a715a35,0x4a46649ec023df2dcf18ee381281408b3432428b,0xd804ea7306abe2456bdd04a31f6f6a2f55dc0d21,0x9c1a19038df30636e15e67303d9ed3474d76e015,0x03d5c199c4abf2451d7b64b73a8078fc5a05eba9,0xa5abfb56a78d2bd4689b25b8a77fd49bb0675874",0xaf8876b3e9d7014619bce9cc4a84bf37deda6c3502b35b24e1b184024a962135
1,NeverFall,BSC,"0x5abde8b434133c98c36f4b21476791d95d888bf5,0x97a08a9fb303b4f6f26c5b3c3002ebd0e6417d2c",
2,DeusDAO,BSC,"0xde1e704dae0b4051e80dabb26ab6ad6c12262da0,0x5929dbbc11711d2b9e9ca0752393c70de74261f5,0x1472b3081d81b792e697aea90accbbc4adc5baf9",
3,Block Forest,BSC,"0x538107874aeeae2e0685b517a1a86dd5238c38b1,0x97a22ab59234ba7dd11d5c72e206ed19f045b06c,0xc4e83b0ef81b4c7cab394f1c0d4a39bf8bc4e248,0xb6576cb02dc030e819b59c57a5819df638cb09ab",
4,Trust Trident,BSC,"0xeaf83465025b4bf9020fdf9ea5fb6e71dc8a0779,0xa645995e9801f2ca6e2361edf4c2a138362bade4,0x61f834516504fc02b3cd80d41722df08fd030141,0x358efc593134f99833c66894ccecd41f550051b6","0xaafa49142c6dfda562dccbc3f833bc152dda5e92195cfb717b3fac25b9cc7ebd,0x8fd2145b4be40daa6ac753eb5a7897d84892e99f5d57041dfdfeb538e91d612c,0x6db04d025b9a39dea7a5e2ea462dcd7b9dec2cf67232ef6c7a0ee9cbd37c27e1,0x5553743c451924ebab82051905897bf75daf09297cac75a46b8b0c375352c90e"
5,Snooker,BSC,"0xa3f5ea945c4970f48e322f1e70f4cc08e70039ee,0x7957096bd7324357172b765c4b0996bb164ebfd4,0x05e2899179003d7c328de3c224e9df2827406509",
6,LW Token,BSC,0xd7aa5ae820de27b7ad8b2d2d92781b68943086bd,
7,BitPaid,BSC,"0x858de6f832c9b92e2ea5c18582551ccd6add0295,0x40f75ed09c7bc89bf596ce0ff6fb2ff8d02ac019",
8,LandNFT,BSC,0x1a62fe088f46561be92bb5f6e83266289b94c154,
9,CSToken,BSC,"0x8bc6ce23e5e2c4f0a96429e3c9d482d74171215e,0x6bc2823de2c3718d3669c2e7036e1d888c4107a1",
10,Local Traders,BSC,"0x5c65badf7f97345b7b92776b22255c973234efe7,0x303554d4d8bd01f18c6fa4a8df3ff57a96071a41",
11,GPT Token,BSC,"0xa1679abef5cd376cc9a1c4c2868acf52e08ec1b3,0x77a684943aa033e2e9330f12d4a1334986bca3ef","0x9f0703de6e46c2d69d3b259aad05b83a33063d28d30cc9a2234b1059b6d93a33,0x6dbec4c73326de2f44f4c2f23b91631d9f6c87f305c6bb4992be4e4472d56d9f"
12,Baby Doge,BSC,"0xc748673057861a797275cd8a068abb95a902e8de,0xc736ca3d9b1e90af4230bd8f9626528b3d4e0ee0","0xa95b6c51fc74171ec582f81cd8cd40457e42ab2798c4d41b6ce9fca7f753ce5b,0x37a0f2cb6b2b404e4d7d0276f83e3ed30669109ca0c7c04189ccd1ed879ba740"
13,Cellframe,BSC,"0xf3e1449ddb6b218da2c9463d4594ceccc8934346,0x06155034f71811fe0d6568ea8bdf6ec12d04bed2,0xd98438889ae7364c7e2a3540547fad042fb24642,0x1c15f4e3fd885a34660829ae692918b4b9c1803d",
14,DDCoin,BSC,"0x50ab0d88045f540b8b79c8a7dc25790db493bbc5,0x976cfb9e0447d86f1e4c835c66062cae113af404",
15,UN Token Compromise,BSC,"0x1afa48b74ba7ac0c3c5a2c8b7e24eb71d440846f,0x5f739a4ade4341d4aee049e679095bccbe904ee1,0xa4b5bb109c6508a8ca880d2b4915139706783b77",
16,Murati AI,BSC,"0x69c2fcae7e30b429166bd616a322e32bec036bcf,0xdb79f966bf3ede1e6c1183c9fc3a67d740c2eee0,0xbb610df4c1d9fd8e1dcad9fdd2dc9d685f412919,0x73857b78a330d06331a286e5727759a76e97cfee,0x470d85f7424b8afa283dfebcc6d745b525b649da",
17,Atlantis Loan,BSC,"0x87b79e34eac2eb77324269d3115cb8ba847ee016,0x0503feaa5854e55e5607e40371e2a1b0d1b9df7f,0x788a791ff9641a5e1ff3596487b120c348be1db3,0xfead9619e88464e5ad1ea9df458dcc147f03ea0c,0x558b96ee93ea9c7ec9839beafab641d75f94e9a3,0x4e9bf21ce718dde4be2e0f5b167181b8adad12f6,0x59123a930e52b52edb27f91135253331f36cd87c,0xcc7fc8666f6e62cb44aa781de841ee6be3bbe54c,0x219db7e6f8a609645e8559f8553a48c6e6b17f57,0xd7c38eb724a4610a9fb78f3f9f6c400577e30ac2,0xc182ea25c72ce276f80748497775499059f6c74e,0x02a7de4598da1f18cb6ab85d342b4688fec66e6b,0x2f4ba3a96b9b5b660c78310fdde4987c09a2eeba,0x5c81c0f55a15dbc97749a83c843044702768a2a2,0x2c5056167cb2797a7d82996800f896d4f0684343,0x350bd6efe303f5d6e10bd9e9d6347bc4a3e708c0,0x1e3c741e1d94b88871dce2a9b55cc2b2b10ad04f,0x26458660bc2f9112e43de7f0dae003298c6a6dc4,0x96ffc0c6e91fd65460bd1dd180500fa5bda11940,0x20c7e6eb3fab3990a0db8b2eed57ff7d799603f9,0x14f235bb338804d194679bef1ed7f619f4fe684f,0x8df3719eb4c9f17ecf30ba298cc2da7c88162894,0x6a3ebe48a297a61048ddbeb0ef62da4e35ef11f2,0x7c0697155617b7a797cb7517d483dbbdb17089cf,0xd47084cc0e974e5b88958fca5fafb7f7726c4058,0x24ce0e8a115b850dd9f8f28125534f102059a307,0x17a1693a62695610993ee389caa6473749edbf28",
18,Trust the Trident,BSC,"0xa645995e9801f2ca6e2361edf4c2a138362bade4,0x358efc593134f99833c66894ccecd41f550051b6,0x9523b023e1d2c490c65d26fad3691b024d0305d7,0x61f834516504fc02b3cd80d41722df08fd030141,0xeaf83465025b4bf9020fdf9ea5fb6e71dc8a0779","0xaafa49142c6dfda562dccbc3f833bc152dda5e92195cfb717b3fac25b9cc7ebd,0x8fd2145b4be40daa6ac753eb5a7897d84892e99f5d57041dfdfeb538e91d612c,0x6db04d025b9a39dea7a5e2ea462dcd7b9dec2cf67232ef6c7a0ee9cbd37c27e1,0x5553743c451924ebab82051905897bf75daf09297cac75a46b8b0c375352c90e"
19,CFC Token,BSC,"0xdd9b223aec6ea56567a62f21ff89585ff125632c,0x595488f902c4d9ec7236031a1d96cf63b0405cf0",
20,Midas Capital,BSC,"0x02706a482fc9f6b20238157b56763391a45be60e,0x93b32a8dfe10e9196403dd111974e325219aec24,0xf8527dc5611b589cbb365acacaac0d1dc70b25cb,0x5f8a3d4ad41352a8145dde8dc0aa3159c7b7649d,0xb2b01d6f953a28ba6c8f9e22986f5bddb7653aea",
21,Ara Blocks,BSC,"0x7ba5dd9bb357afa2231446198c75bac17cefcda9,0x5542958fa9bd89c96cb86d1a6cb7a3e644a3d46e",
22,Z-Era,BSC,"0xcc0a1c56401c5d62d4cceb96b145e958191125dc,0x2125d8a86ebf1db75d01f537cdcd83e8c2a38d92",
23,Bunny Protocol,BSC,"0xc54aaecf5fa1b6c007d019a9d14dfb4a77cc3039,0xb4b84375ae9bb94d19f416d3db553827be349520",
24,Baby Doge 2,BSC,"0xc748673057861a797275cd8a068abb95a902e8de,0xc736ca3d9b1e90af4230bd8f9626528b3d4e0ee0","0xa95b6c51fc74171ec582f81cd8cd40457e42ab2798c4d41b6ce9fca7f753ce5b,0x37a0f2cb6b2b404e4d7d0276f83e3ed30669109ca0c7c04189ccd1ed879ba740"
25,Shido Global,BSC,"0x733af324146dcfe743515d8d77dc25140a07f9e0,0xd0a167d1973ca8f76723c6fea1e6f608dbc1d464,0xa963ee460cf4b474c35ded8fff91c4ec011fb640",
26,Biswap,BSC,"0x46492b26639df0cda9b2769429845cb991591e0a,0x24ba8d2a15fe60618039c398cf9fd093b1c1feb5,0x965f527d9159dce6288a2219db51fc6eef120dd1,0xdbc1a13490deef9c3c12b44fe77b503c1b061739,0x858e3312ed3a876947ea49d572a7c42de08af7ee,0x3a6d8ca21d1cf76f653a67577fa0d27453350dd8,0xf5d6fed0f4735ff2036ce4be535bd32e77dae9fe","0xaac88bb9ea49a1d78d9aad1e49b3fd1525495e1c595ee369711ecf770bfc38c5,0x349d06391baf51994e6de50610533b9fa86a02f4a24ffbef4b61fd73996d6bab"
27,MyAI token,BSC,"0x40d1e011669c0dc7dc7c7fb93e623d6a661df5ee,0x390d9078cb06f3cd4a17a39693b489446724a093",
28,PancakeSwap,BSC,"0xa5f8c5dbd5f286960b9d90548680ae5ebff07652,0xca143ce32fe78f1f7019d7d551a6402fc5350c73,0x10ed43c718714eb63d5aa57b78b54704e256024e,0x17539cca21c7933df5c980172d22659b8c345c5a,0x0bfbcf9fa4f9c56b0f40a671ad40e0805a091865,0x13f4ea83d0bd40e75c8222255bc855a974568dd4,0x46a15b0b27311cedf172ab29e4f4766fbe7f4364,0x36bbb126e75351c0dfb651e39b38fe0bc436ffd2,0xc6665d98efd81f47b03801187eb46cbc63f328b0,0x73feaa1ee314f8c655e354234017be2193c9e24e,0xa5f8c5dbd5f286960b9d90548680ae5ebff07652,0x556b9306565093c855aea9ae92a594704c2cd59e,0x45c54210128a065de780c4b0df3d16664f7f859e","0xfed327b09e979fe1975cd47eaf42ab8f5d1ef3a8b92a187b1798f1d4c18e0eab,0xfe86193de15ecffa501a36c070d8552a1286e4ca19e8e007a08b027a494f823b,0xfe6c86148f6315b7b34e48ac32936e9761ccccf395bf05120266b71a4333f70b,0xfde23bc94aaf90a1adf457edd2d586a05b7a223ee154c9ffb160cc19272aa34c,0xfd7ee0724c067710e9c9dc936dcf29b0d8563015ad794aa056825d8bb6c2f389,0xfb96b8e3e350db0409a2d895edfab70565e15881b464027d89f86dd8aff28489,0xfb80aa635a853d376151d719f6841aa320d57d40660d76552abdb24ae9ecab03,0xfa7365729ec319d6899b7eec50d76f69ab10013e7c2dbf1b1d73e1759fd3dd6b,0xf9c25258e651bda121604ed8c3770adbc7441b33d838929d9e41607e203894e0,0xf8e0a040a324a439944d3757d55bb88cd14577f8b45a9c228505727618364845,0xf8858086762dc7270c28e8c51800e9fa0e6d53c95dd32de3597f4eac455a3f17,0xf819b9c680f4b533f7cbb3c84eba0b81ee29263c7f47933975244602f30f6035,0xf7a45009d71414506e5749707bed27b24e679a01a1d6a698a9e6c5835acda8dd,0xf705fb4f06d5085008f00c8966a27f70d40cda4fa6c1727cd525e54a14c25e40,0xf641abceca50b1217a57f6a5b0e7e20cdd0a7ad50cb498c44b9c2a9285a1f7fa,0xf5bcdff99b4715ad5acbfbd029adf72db5de6c3a11c1b8d84e18922759548d97,0xf3e87c33fa75f9ff55d045720a75544cff9e6d50e20a3a95cdabec6b0442c5f3,0xf1742fa7e81c174d13ca8fe7b558576d8558cc5247d0344868a3e9b7a99813fa,0xf0127b16d2d2eb708dbcb66ce7ab5d1fd988387b7a8d6cb1582cf1baaf9cb8bc,0xef8e9ca314f08efdab98745688eb616cd60170fe66e13815871e7752d1627b33,0xee8b031594f77a72a2af8539850dbef7fe22d51eba36645b36f9ab34acb702f5,0xee4b409b0286c6a272578e83f576b3a7fa38de3fe3e7d550e8296d916f8d409e,0xedfc27a6611a381e8d67490d779b663bcd8d5d3cf78fd4308e578048bc1d70cc,0xec49bacd0be90431dfe8a94e687603532723a65be6dc731c82399a67f1d19705,0xeb91c509fb2ce519d1b29d318693e0c3257ce6d169f3b2d6e56fa076f998f643,0xeaa294d8c5dca9e29ab56b4007948bc61afd77956e63d2ec771e45e79721e65d,0xe988dcd3bf3439775dba0a51cc06b2f77ce9e264add4654328205d4815337ca4,0xe91525359b3f94e8e321687ff765a076f2bd989245a0d9c2be6e05c448857af9,0xe8deb47d95c52a17a67b1793ee536baed139f5794475a010e39339100bafb6eb,0xe8a79b73ad19aecce61ca59513c9bb1386a9bdc2161cfd003ebbc9850f5ea885,0xe79e3509686b96701cabce4f3d50993fda8ca6744fb9b9c2c58c9126201aa48e,0xe6d09f764725bfd68494ec479aa631b27040ac59cd408670344cf9458a31712a,0xe5a184a53dfaafc9152f4c2827b12931ffa99542a9c4b40cddf12a335f41ff82,0xe45603a4c2dd4216599a014d3719f9e2dbe0ad0177193dfc19adecc1490960a4,0xe3b2062599c3c98815b15279802a49269c8e52546da65b775fc092f5f1ab25e5,0xe346665f17832cc093094f9d0366b4b27515728962fc4b91bed94c186f298c81,0xe1c200faabec1d3639cf13f1b699e371f3866fb58fe7084ee66514a116cd166f,0xe0819bc534e34e1d12a99ae6d6ced8fd0d919386f014a00436749f07c58de8e6,0xdf02b9874b15cc5cef7bfe55fd0889402896ad07b7d0e1acc8ece72a20e50a0c,0xdda1e9df9a487c23d6bf8d63058c7dcee88e80144d92cac46dbb859c03f1f2d2,0xdc9be900a5b47133adfbc617735f6f5c0261afcadb5af707b4982c4ba9c7175c,0xdc317894af8c2117781dd2595a1d15bc26ec5ca5bb010594aa04d3e1639eb638,0xd9f3959774a65c9fcb8100bd59b140d3f9dc56e7b044c3074462d87b92c707dc,0xd3cae804c06d7e064fd7e459c16bcad90e1a5df90a3fffa59ed9f42e835c5610,0xd0d331e5f8ecaf74e7bd46a963fd0d75598cdeb02cbe35f86415f27084d05c95,0xce451abb0e4572d47d3c7cf3efc735e029f59d6d79d67085ee3985218bf36ca1,0xce1dce50a839652b864fc2e770dac56a14996ddea8497e277c46558eb50501d5,0xcd24a183c01a07393bd39a7611c607ece6782e891f3fca4de3d6599ed99c0ec5,0xcc7b16a407f9cfb83ccd407cb21e76bb2c24f83697b0141b79f8059a9f1f0f43,0xcbe58c2d970c315d6568729dc53cdcc5fdf94e3b78a0309c0cba7f71ae62d017,0xcbc168a1717494eb8a5ebad25572a4de66a0d705031c1d41ffdde33b2b48f544,0xcac1c7161681f89a9db10f79de72d497da1bbaae3d3b9d205ea093dd5fa09668,0xc8fc966467c9200ec4af70e3c8bb3e354bd870e7d7cc4c486224992c62a697f6,0xc8bbe5e3e1c8a6f8d89c59e1f80546b960b71f9b0774ab7eca9ad7e6b5c3fa6a,0xc730ab3a3eb7154b11fa09a78a9bba6283b7d16c612d708fb941bb1be1ac1e26,0xc6bb8f645fc94119c9c7fff15df07103b494ad091b095613dc290a7a03404df2,0xc55bf218ceae2d86626793cfc0624c83c0c6513a9d2372bcb59d2d19cceed186,0xc544a8e6d349182a9f7488c611d3eb3d218133b2e9167fb15bb3704682e7a8f3,0xc500fe13b8c4c4e2226848f310fb2b4b9c5e7a93ab70834befb504e4a109a746,0xc48f934f12dce7a3f0a283000d452c75bca1c26ee9bff264ce8749f987520671,0xc3ee45e138b566dd407e034fb0563ec40c2012f942197ba660ec7217514c2abb,0xc1aabf1d31144c4e5ca4a93b35cc81b2b1d42283c36877c8f982311800090da4,0xbf6c1b1218368815ec490a76093ea642082e78ebe12a972d32864dc896bde5a6,0xbf4ff73d12ae0951de2d11978c0d5954d76beaab5b37a2b5a78450bacf3a6211,0xbeb6ec8a89ddf9c0e55f790188c0043b90d818ca2c1e8910ad1512737e98db65,0xbe87f8952421ebd1909acee7392b80302ce6b5dcf35bca9ff2204dcb5541559d,0xbd7ffc231a68373fe769c41c3219d26e58b52bc4d1fdb70b36034f25bdc80848,0xbbe6e6d791d92d0f41d103e38e3b81d389925d14d0e8c5112b0848e54668cfd8,0xbbc554476a057d17010374711f13a6a9209adc04aab3c6df04a516382ac1fd74,0xbac1061f57def7dd552895e32e0ad1107ada877bfc887f5114e00b0d4a17c6c0,0xba687ebb6ea14eb907359606c9c29b6773f5634730bb83c4b27a5380c0f2472e,0xb9bc380b17ca8bfd5f80223cbf44644323196067f5365fd48bb721b8b105ba44,0xb759e070b4d8603f799e1e2265fc8e2b20d0585c7418086f8dea9b84981f1607,0xb723b4d71f37f70d2318ff475e68d1dbdd9c5ebc1f85e7d90f5e2a118c9d4185,0xb6425771ef0183899e3d516fd9b0f0419f3f65710aebe36a4adc9dacbd587eb3,0xb50ec1d7a045f21127529ec49c7280065c5c5e79ede3f08546eff49c255cd3e5,0xb4a982b80e3f3ad55c51f1539f241f430116e5f5b0b6f3ab664c3bc4ba8b71b5,0xb2b0bd304b0186a9007ce5f7a37e57529cd4006f5d8703ddd89d294a9ed62f11,0xb1ff0b575859ee71c9451ffad1557ca84697e31e5dc4caac04c361e5ef918784,0xb0a754de4a84695feabb75f9f6b87c7581e62c449a7dbce6a5dd3890e24db94b,0xb019df34de22f5b0f6c571a9a4dbe3209775f05ec969f876e279870f2ea78de1,0xafb06676ed437161a373e1a4ef80ff2fdb173e9adcc1578b203477fd5f5f7917,0xaf013802adfbf2826ad82febc92e934378c3ffe97c96a5e90b73e8dfcd6e6420,0xaea1b7a716fc5a56dddb2692c09de673f9b891a3efc3f2d9700f71352f62783d,0xae8ab45662930a96feb012dc5a0b54a26884befeabd1c6a824414b66b8a2be85,0xae0143b6169feaab0cc3748e9bc69689a68f8defc6703309d896a4d8014c4171,0xad7490b043f93c6485fa3c26eab035200826c54e4747830fe380e86afdbe2efb,0xabeefc95365fd254c10d18b130588834dd28c9f86e991a243eba54bb5a122b10,0xaafa49142c6dfda562dccbc3f833bc152dda5e92195cfb717b3fac25b9cc7ebd,0xaad6a02e719712e93e1d9c9aa812d2397af13859990668d4f03346fa1126f70f,0xaa527e65ad975c0c70927fc28949188b248487eecaf5276cd5ef954454c89dff,0xa95b6c51fc74171ec582f81cd8cd40457e42ab2798c4d41b6ce9fca7f753ce5b,0xa865dd5f41e44c30a74e903b68281d3cbebd689cb3fab9565649ce2729849bda,0xa7d63f7a8052892f6a69cf3ee7e622a16087aa9613a6a2de13a15628fc82aaa2,0xa690dd63687a74454265e999c36fa99a9b57b21b8a8734f03cad4f4384062c5c,0xa261cb79b79c5da79dbe8ae6676c995a56204988fa97e9a661791541da3ae9bc,0xa1ae4c609bcf8ec3dab767cbd041445b15f70c4de8b2c226b22f1b6aef01bfae,0xa0f04eb25ba16b8c41607d812002f2fc76fa3cf613c316c7f640c51a2675db36,0xa0cee4d480c1b8bb228c4f80ac48df3e07851d26b8ab22126d0287aaaa1898c6,0xa05ed38455e3830b09fbdd57281cdcc3379b27c7fda6d0b0fae41031dd41f20b,0x9f0703de6e46c2d69d3b259aad05b83a33063d28d30cc9a2234b1059b6d93a33,0x9f053d2bf47f27af0065e8ca5df3f31e71ce2d1b0e5e44f2833a73be9b3dd006,0x9db2c3b8ca13858e774165b4a776ed412509b77e5c3fd4f7c80e615379fb0210,0x9c34cbf49ebfc2a9963f26bfdb4b10b5c66b8ffa0f67074b13509ceef1cb39e9,0x959922ce02246a1c1d4b06dd1537a0a4c55c7ba52f8e287cf5f102604057c7e7,0x947007b776754dccd691ead041caf9cfb3c53d4e891f9f4f782445301feb45dd,0x9279b7b43de7e37509a7a479a2f8b8970b6ec226cf876eb9bc85064a93844f66,0x9187523023bbb8cb4f46647246f0423b7d1a06b4e90b358f0c2825dd3768f861,0x910f44bd1d99397779a971b7af594605887750115eb454335890c42ba0fd82b0,0x8fd2145b4be40daa6ac753eb5a7897d84892e99f5d57041dfdfeb538e91d612c,0x8f5e9c5e3646546ac6afa6fa92084590a976028471d9001bf2399dbb5b1ba6ea,0x8f432490601c6d8f592eb700ac51691087da766c8020dab111f1fd944d9fb62f,0x8edad6f0ea36e781e79c444ac34f0d36a29332c0bd843097a08c1375ba9a4551,0x8d79ea87bdf470584798ccd689168d8314fab48dd1435a8b7f24ea4df971dd78,0x8c24284591355f0fbe59428d888ce0dc98822a9c056d4929eaa400eb1b9d7cbb,0x8bda591e9985dd2ae4598711f41992a3550d84636b305bb87c1c7fc85edbe0f5,0x8b3ed9a37d8d55c84e2cc5b671c49f75422d3d84019cbfcfb4b77adbc7dc4308,0x8aa5282729b261b08b291a3931b00a173efea38b0bdff90a13394e2c93b32bc7,0x8a8e187a44e60ffaa91caf3ec9e75ed299fcd23739659949ffe3c4f70bc577b7,0x88e1e2d5180823182552faca46b48d97c68034cc4eabb79b5085df0ded1a9d72,0x8840ade03826ad60659f8ca82ed4b4fb685c45a22257abfe19117bf32d5c1134,0x87ac315fb86c3253e3cf55a534d057bb5f9635f0a8fea31613410c9812895d72,0x8708a16b1ca0a136601b88653c7a913c13cbd6fa8c8f66b5ce39bca3dc99d0ae,0x862250da8f4c76d04954c9a8f0946c6a9f5689204fce4169ccde8dbba73ca13a,0x84bc0657fbd79e5d0cb6220f6a1cbc966d6379da3ddee09cdab4813fc5b11ecc,0x84648e37410a0726fd9fa3842428c9f2caf01e48866e6995353e917119e4255d,0x8222a15e314f40c86b9f8c65a3e66f6d534f4aa426582a2fcc055d5bd464e3de,0x81ab7b182b8907b043a261d1187838fc5589889b1a998174185da5451e5a1e1c,0x81a2764a52e68b2fb6a4646890d83e1ae2514df7f591077391498b241f894141,0x8090a79b87098e302decf48a76b17966e758dfc59a2b5864a6699204e0fe0084,0x808e6b05f2a70531d62d83bad6d0f7b4794e9e9df5362563b25b72061f477175,0x80339a19a2a8f1e0827e2d70312df2dfb53d45e100fe39cc847f0de7c37f4c06,0x7fe7d2a910b6da1fc5b1923387d4d14d2e9d780ad5e109ea06a3a8ccd9c65a10,0x7f8ff6839ced867ff53dbc854eaba9397f8a1a89206a612d0a1281f8eec6e19d,0x7dc66912710125e987d42f1f73368bff3c9ce428a1077b6f79873253553303b8,0x7d1c70df0f3a88a51f46a5f855818e50056ba0b4406398bbd556ed88fbf8c242,0x7c0b325fa26efba91f66ead7702fdfb4e652745c75126218a1abed6309e2da47,0x79ebd0e0f2d488ef8c0df077bcd2eaac364ab0488447fcdbf9599134fb1e8970,0x76b7966d7c31c78e28eea7b596ed35a2b11af683e6dce5f6bf80706a6b3e88ab,0x74e2cf3e031966feffcfe63b9766b2306bf8688bbf15c15d272297c5a25d5412,0x74692c00c8df305f2c5551af267174154235a345698d3599556efc250a455411,0x720c5a1ab20b9843fe64bba61ef2149c2402ce29c1dacc06503656beeef080b4,0x720563d0f601dfed69bf928221d683578685f663350a6d249a4652fccd98602f,0x71115450aa012443b99f952ae77567ebd1e572773a33d1b011413a601a6ba78d,0x70d5054c516817b5ac36218a86548b994ccac8d47807d3d6f020786c0de3f923,0x6fb78f9d7a463606a378f003f855c77a40e8ad1dfad9aa516658d892da8f95fc,0x6dbec4c73326de2f44f4c2f23b91631d9f6c87f305c6bb4992be4e4472d56d9f,0x6db04d025b9a39dea7a5e2ea462dcd7b9dec2cf67232ef6c7a0ee9cbd37c27e1,0x6d92ca52372210697b0041aa91e84b35427fabfe2b1e8c893d0350bc4a2acacd,0x6d688fc0b32b36558593d623f0ac3e4b948881b362e903589f87cca94ac4a1dd,0x6d0792396b8561f16ffd299afc88155f7409d0d63af4e6345fe2ac6cf5a62403,0x6cec40c2995b93f4e4467f8af7d2cd4bff62db589fe634b8d25e2972b7f72ea7,0x69755879d14738f91554d0d56e77a42cbc78a8fbba68bbb9711a5dd225b000e2,0x66fa8470fecf2cde2f96a780f185281e4eda839671ef13438791b3e5c0c820a4,0x66b6cd1f641a0e0d77b1901ff94027144f17a7ec9fb4b842ed63975ef784952d,0x6616d05f296ef566656b0fe03e10edafd912993fc3f3b1ddeeeb9cfff32dcec5,0x65b99d53719103d7eaaeb7fcebf43e68c25386638e746e38bfa92e6944827639,0x65b21558b02d8b50acec1ac80e2ecca3de57c372bf22fc8699720c9a9cb8d03b,0x657074118a707e288842a86e691f4f51eb170df168d49ccd44dca5d8679041b0,0x653d8021d38c88eddc8bb8da8b2a8635e71a395025b0ba53b20ccbbc92eee63e,0x64f149cd7ad3cf0d39884a1e527c1d8baa1db4d7d70f5e8db98df0d3c803c23c,0x64dd947330d71dee8353d344c3c52ba4802f9e71c31059118b6375662e004aa4,0x64acc564cb9ad3a3a83a356c74a39a805038433bd51ec6d26a575f32891803c0,0x649a93754b7d32242d6a6f761467bd71b7f19fd6f1351967344b1c4077f3df81,0x6440cb83b746c346e3524b683262f6848030729570ad861f5ba1a8613ce238bc,0x626225eacd635baa66de79b90ba302c17fb74774d72e072991dd7532616d4ae8,0x60ba535c9c86e9ec92b6aafc8cfb66c7d60bc5a19e50e4dd9fca3e327bf18e9f,0x60aa3575fb122317827211aac549e8b831927b25c08f0d37dbb25c0ba1dce18d,0x600ab31ffb52d35088caef55457e5e9efe70da5a09d40a4e902d101931c3c5d6,0x5ede488ad61a6c3746aa303f5ecb1b817c82e5f69b81f161abcd203530bc5c33,0x5ec127f7a182a0d207716eaea58921bb0fa55d305f14897cfd6806d29a2af3f8,0x5e162e5c0c62e8aa89605bbe3dc84514b90c4d11099443a475d443617e325e3a,0x5c263921a4f931fe950b35e841f3bd9c09fb2f26554276be1383c7b27f88db51,0x5b286a49631a053f25797109889c9e64c9b35d87c436213cd3818fdfc6454d03,0x5a418adb3a0faedd747d390efebebc4919a618dcbf769b7e78b2c855f0d756e1,0x59ff2b678fa1f0c34a2c2f23425973f2c05dace3586c8da12941c48c3637e46c,0x59ecd4a0590ca559d6905df14af9737da2a1e5040be0ebb25badc1bfe4f98a0d,0x59bb6e338f7bd10637293eca039b857a67702906dfed116b4ce32279c713d22c,0x59662e8d77d2be7eff6e93804997680ecf25ea0e9d5d6f42cd86b8586855e5b3,0x5913dad527e13f0271741a20d3d7a0d4781f465908aa37acf219df3edfa765e8,0x581028571613b77b9bdcac7cbe924ac9228590a414e0731a149e2c14edb5571c,0x5803a7e6f40cfde17ecc57d02d24a10f7e0bd207f7291f3e5e281f21aae1d02a,0x57ea4b22d124bf2f57952a6feb69994b264d137a9f7646241cf440a64c0aa928,0x5692bdce201189b57aa055d474dc213670bb1341350a781ac54189393d601ea5,0x55f621ef1a16866a7d9f57b093d3db026b25f7a91b87ef2dea0aa859699cebd5,0x5553743c451924ebab82051905897bf75daf09297cac75a46b8b0c375352c90e,0x548ea7698b3a2ed8963febadba341247728051fa15b57312f5114ac41f9b88c8,0x52a1ca7e63d954fc47c79ae6a911138d23a3d04ddd18e768259fdeea9d401bf3,0x4f2aaadac6bc911da011c67baaad15bb6a122ef023a9c0f5ecac6fcc24cc7655,0x4ddf576eba9dfabfb0475bbb253c22e59d51615a8b081cc54cc958b8c06b59fe,0x4daa8e9aa495468a19c5e37cb1f004364aebde7ae46d475bff33dfb00fb7772e,0x4d0c08f9f337b3a3290f73f10118a72b4e127d31f292ff5d6a73f7075eb405ff,0x4cb95051361880e21ec88f58e6fe20142490d47f046655138097a8c2ad0c01eb,0x4ad152d421918c6ede00dad1e78a3fa925316d68655ab523c4cebdb7dcf995ed,0x4a1ab9b43ba6b85486a9ef9919e7b53d6f0e0ac9a54ea3a79a6cb5227e746afb,0x49d6ee4b8b92090c15a40535a8768fe7fc3ee303d30b51825d560db8864b6288,0x4967f993c8c413e523a470fd3efb6f53d9313715d33c4d4f7f8b25f268eb61ce,0x4941049a3474b789c52b572e97aa72c6c467375792f794a2b118598c3785fd4b,0x488309285939231c8124d7cfe28766deee2a111de90f4d4c46ec817697c61db3,0x481238398f7a6360e0960b362e2304fafb98207062eaf97d93d160fabc1184ee,0x4778b7176bd2519d42851d1eae730b16d86e798ae4321d7063faf405d03ed737,0x46d97cd82fbe3767e3f080a6041acba476f6bdf7d2b263d1c7eb3eb4f12e1afc,0x449e5df9e43f072600d893725c35c5ac09699a19e8cb61fd174b1ba55cb1b998,0x43e77736ab996be3330c8cca9ef7b240620d1b90f37ba4bc9fe7872da4e7f37e,0x43d1da86dd84200d7492689780224d8495e1bfb7dcdcc1455d5d9e093e414204,0x42aa14892ebacea7579d537999eaa2a5d1d407d4fd3948ac6dfe751737a8ecb9,0x41e50d1b0f3d8d254da5fe0bcf814e906835a49370202c20d738c5ef618ee728,0x415ffd1a319b0d5b7f41100a54b2cb4c1846ea3bde8b59aacc2adef9ccbb962c,0x4044a1aab5ea19aa9120a765800be71dc7d034055569cbb1c23636e0a241dbae,0x3eb03b2e9ba4f5d3acccd782313a71e3fefcdd771fdd2a45265c8b5a59c8829c,0x3dee70f4bed58f40a6093f09f75feefceb9382d5d9519c23886ff4ce7dbedddb,0x3cc79d56dd162053ec019d977af569530471e3c61d4298a12d68013a1c7a8bdf,0x3a2781a9cc7249bd9c98a389b41c48215de92b94e8f79fef6f65dd9715acdb8f,0x39f14d3b1b5ae0e38c08d8d80cbefcc1bdeb9bd8d9f0fc74537b1d9b04aafb32,0x393f2122fa1a4777109e80ba3905df0a108adc6a562d55c5add51c3916bca9f7,0x37a0f2cb6b2b404e4d7d0276f83e3ed30669109ca0c7c04189ccd1ed879ba740,0x36160d7015d82b7f8cae34016354643b95f9eae0d607905b142691bb1d278573,0x34e1906c44f4459cb7fe3d2f140e119c3fedbe34f1e0d0be01c4ac9663cfa37e,0x346c5136f7eb498652b91022e3f3c8a14d33418d73a95edd1efdc9d42e8b24b9,0x33eec4e2c1c4e7ead95e348f8752876d21b37dd4d2c30849a1451925925376b9,0x33820bb420b819de55546c9f203c57dfb8cc970c78777ebac04af492aca2b765,0x32d2279aec60327e5dd292a08c328decde1aebc714ddc5b95b00b49248e31456,0x2e2b4108c74cf6d05c3f95c4eb46f154cda1c325879da000e776ff2db5d197b3,0x2dbf94caedb38cd486f0f7a7780de279fff4c91f1a43a6a75b472308f3e33c72,0x2d846082fd3340593e4bf5be4b40c1630294e0b41e5c92d11c719452f7b2a40b,0x2c7afc153cb323abdd7898b8d4c3ae797fb27d9529cd3fc83e25e4bc339d2ae4,0x2c3313b3bdd2f94257a8d52e91dc12dde55dfbccdd643ab14b90f428db3d5ce2,0x2bf9aa53ff624a93fdce99edec80940c38467d15f43bf688c922e751eae870c4,0x26e9f4888a6b9400c19fb1c841fd13905c6617db001a104add8961e152755cf3,0x26e9f4888a6b9400c19fb1c841fd13905c6617db001a104add8961e152755cf3,0x264ade5a888392dde303ad4184e05322790e58c2672f2a2ef931998e995dff2b,0x25e9f1a757c17c77bbfbd992c07a5c3e20843652828ff125fde3a223fd3e7492,0x25bf436d073d9f7dc431fcccca392c8e7a92233cf566062744e86457c5ccf2db,0x2259a01163e8b9bc49169339c1ada2839c5eedd1f1519b0554a0d3c8eb1aa70b,0x213e041aac4d0c898911057aed11b100d44ac58e4488ddf032b4ed8d47b8abb3,0x20a20fb8ae593fbdf76ef599095a38f6770ba4bbea4ef01297f042965d22f980,0x1f23b33d9a74c285eef007d1c8b87bc02e772df5986718828bfe0617adc57869,0x1d5d304b7d265ff318ec4e3f22accbc57eaf5b312c9a8c64e26c9bf950ab4b5b,0x1bcdc064d2fee44ef53e382277da2d00c57af82fb08cc8426b850d26fbbe8624,0x1ab21774e0b0713147f847b5867e62e01881aff6ea703b2531e34fe0f501a182,0x1990d60d44806e7e76e267fca33854d418b439aab3389d7ecc54e767615de840,0x1912dfbb3960f5238f54803e7bb732951d889b3076782ce50ac6ffb42db68458,0x18b3895939ade3b572b3c75e85f1cd7aeecd14a47ca0d3882bfaa598e6bb1e05,0x187cd033c40235b398192bd55b4ff1873e40433e163bb779c8a587d1d298f171,0x1822efc6421d0060b16a845b5fad0b872c833df32c1025d1f7c5b0639e145520,0x18043d2643b0c7af0fe443774424f281920fe81b813699a101d1f15772efd961,0x17a82354a3bf6632626362d93dd722696784d0be1030f5df845ec787db863586,0x17012893b01bee057e4cbc7874706044a3ba8d620492929c41675a93167ad3aa,0x16eea24df506fd0bf4280422f1b8f11a5136365bbc097f8a2d8bb86628b1350a,0x16171a2c6afdeac359c45a9028a1a135a1a7e251e4216c2705e99742c390a96c,0x15581b9d59566de942de90f9900ecd625db6fbf847ff55a65ab75c282377a5ef,0x148a7c5964e55235c3d8d9a096d97f6d61efb603148681879090a18f61114adc,0x141d599581bbabd271b763760e42ab336fb3fcd246587843d8f4fe83657bb5d9,0x1360cc5f9956449dd6a798fdaa3c6f9fa0a74f9c99d127afedb679a4319dffb8,0x11b28ae95384f797e7ec87686de2470ee6b541a71b491dc96dfabd6096fe6c93,0x0f9e5154aadd32d665067959a7999f7adce0541680b132d67901c870fdc3b337,0x0ec00d3b5e9f3f5b7222e96b80abd52cd66f5722abea0329f422ce6d00fc9943,0x0df62c3747a605d49e36be6c22717ab5d6226bdf5c3b9912fcb5b8466081a19a,0x0c876d61f7e32d050e06d7f1319feebdbef9a6018a5d88df9a1a7edf004c6254,0x0976f990ec762db87bd21941c5e8fd7cb612e1b67c95bbc2f68f30569b6b334a,0x090d7aeccab593c3dd3752a4fb1fd6e0085e8fca0d3217f14363f72c93ddc431,0x08240f30e1851339e7de08ec2489b857c23018461c8d8d92b2e8471e735ccaa3,0x06c33882bd4ab5ca4d26c31b181a0d6c67c7d09c887e1adaf1b4ca83b15ccbd9,0x06423f5cec1d6e791dcf667d92401cc07bb4325ac5513b4ad67ed22dd2f55574,0x063a59bc32a7162a6839070e4c8ae6e5174c6adaa6666981d1904ac6c443ae7c,0x046c4dec5be25044955b5e2f4e2d669db39b743a757f4ab88944efd5675ada4f,0x02b08e0c5d1b4121119cee0225e59bb5bc0c003fed6be9d1aba07b4c62f48a2b,0x0154014af7c5094cbd379a60f0094491504f106a83feda492e7cf3bd8eff8360"
29,Floki Ino,Mainnet,"0xb1f4b66104353ec63d8d59d3da42c0b4fb06e7f3,0x30ac70e2dc5092f64031685bb23d50f782c27566",
30,Weeb,Mainnet,"0x9e3d5b091e7728080d9b2e1aaf20ee63db6b65bb,0x2e38eb45e9d7b253a1c2dc8e611b2c70e460aedb",
31,Tornado Cash DAO,Mainnet,"0x12d66f87a04a9e220743712ce6d9bb1b5616b8fc,0x47ce0c6ed5b0ce3d3a51fdb1c52dc66a7c3c2936,0x910cbd523d972eb0a6f4cae4618ad62622b39dbf,0xa160cdab225685da1d56aa342ad8841c3b53f291,0xd4b88df4d29f5cedd6857912842cff3b20c8cfa3,0xfd8610d20aa15b7b2e3be39b396a1bc3516c7144,0x07687e702b410fa43f4cb4af7fa097918ffd2730,0x23773e65ed146a459791799d01336db287f25334,0x22aaa7720ddd5388a3c0a3333430953c68f1849b,0x03893a7c7463ae47d46bc7f091665f1893656003,0x2717c5e28cf931547b621a5dddb772ab6a35b701,0xd21be7248e0197ee08e0c20d4a96debdac3d20af,0x4736dcf1b7a3d580672cce6e7c65cd5cc9cfba9d,0xd96f2b1c14db8458374d9aca76e26c3d18364307,0x169ad27a470d064dede56a2d3ff727986b15d52b,0x0836222f2b2b24a3f36f98668ed8f0b38d1a872f,0x178169b423a011fff22b9e3f3abea13414ddd0f1,0x610b717796ad172b316836ac95a2ffad065ceab4,0xbb93e510bbcd0b7beb5a853875f9ec60275cf498,0xca0840578f57fe71599d29375e16783424023357,0x3f615ba21bc6cc5d4a6d798c5950cc5c42937fbd,0x5efda50f22d34f262c29268506c5fa42cb56a1ce,0x2f50508a8a3d323b91336fa3ea6ae50e55f32185,0xcee71753c9820f063b38fdbe4cfdaf1d3d928a80,0xffbac21a641dcfe4552920138d90f3638b3c9fba,0x179f48c78f57a3a78f0608cc9197b8972921d1d2,0xb04e030140b30c27bcdfaafffa98c57d80eda7b4,0x77777feddddffc19ff86db637967013e6c6a116c,0x3efa30704d2b8bbac821307230376556cf8cc39e,0x746aebc06d2ae31b71ac51429a19d54e797878e9,0xd90e2f925da726b50c4ed8d0fb90ad053324f31b,0x5f6c97c6ad7bdd0ae7e0dd4ca33a4ed3fdabd4d7,0xf4b067dd14e95bab89be928c07cb22e3c94e0daa,0x58e8dcc13be9780fc42e8723d8ead4cf46943df2,0x01e2919679362dfbc9ee1644ba9c6da6d6245bb1,0x2fc93484614a34f26f7970cbb94615ba109bb4bf,0x26903a5a198d571422b2b4ea08b56a37cbd68c89,0xb20c66c4de72433f3ce747b58b86830c459ca911,0x2573bac39ebe2901b4389cd468f2872cf7767faf,0x527653ea119f3e6a1f5bd18fbf4714081d7b31ce,0x653477c392c16b0765603074f157314cc4f40c32,0x88fd245fedec4a936e700f9173454d1931b4c307,0x09193888b3f38c82dedfda55259a82c0e7de875e,0x5cab7692d4e94096462119ab7bf57319726eed2a,0x756c4628e57f7e7f8a459ec2752968360cf4d1aa,0x722122df12d4e14e13ac3b6895a86e84145b6967,0x94a1b5cdb22c43faab4abeb5c74999895464ddaf,0xb541fc07bc7619fd4062a54d96268525cbc6ffef,0x94c92f096437ab9958fc0a37f09348f30389ae79,0xd82ed8786d7c69dc7e052f7a542ab047971e73d2,0xdd4c48c0b24039969fc16d1cdf626eab821d3384",0x458acb58f1d7ad121ca39669e51f7ddca818f75e27fc7cedab37b20fee87bf31
32,unshETH,Mainnet,"0xe8ef2e07e2fca3305372cb0345c686efbec75658,0xef1203e0680fe690c2923ce508556c92c9abd48e,0x1a890ebcd20a9fb551c0440428805bc24ef62641,0xa857904691bbdeca2e768b318b5f6b9bfa698b7c,0x51a80238b5738725128d3a3e06ab41c1d4c05c74,0xe76ffee8722c21b390eebe71b67d95602f58237f,0x846982c0a47b0e9f4c13f3251ba972bb8d32a8ca,0x0ae38f7e10a43b5b2fb064b42a2f4514cba909ef,0x35f899ce6cc304aedfdb7835f623a30473b26457,0xe60779cc1b2c1d0580611c526a8df0e3f870ec48,0xa8b326ca02650ac968c554d6c534412e49c92bc4,0xf728db9182e7c3a9dffbd71f9506d04f129ac9c8,0x33890b88f98a9d511678954ad8db0510b6953cfc,0x954d5088d88291146ce58270add820e809ff3d7e,0x5153b553d8ae3cbbb5ac97f5e4c8e5776d30ee09,0x2955c9cba43e769017caf257dd96c0dd9d79bd3a,0xbafa44efe7901e04e39dad13167d089c559c1138,0xac3e018457b222d93114458476f3e3416abbe38f,0xae78736cd615f374d3085123a210448e74fc6393,0x7f39c581f595b53c5cb19bd0b3f8da6c935e2ca0,0xbe9895146f7af43049ca1c1ae358b0541ea49704,0xc02aaa39b223fe8d0a0e5c4f27ead9083c756cc2,0xe95a203b1a91a908f9b9ce46459d101078c2c3cb,0xf951e335afb289353dc249e82926178eac7ded78,0x16d5a408e807db8ef7c578279beeee6b228f1c1c,0xdac17f958d2ee523a2206206994597c13d831ec7,0xb27308f9f90d607463bb33ea1bebb41c27ce5ab6,0xaaf448d30f01b429fb6e7f9af6a8ff66e694f312,0x718c26e5e60829a36fee8df1d791f340aaa91b4b,0x7461092aa5234b42a17ee8cc51cfde6ef4becbc7,0x9d14855cc4c89d4647bc39bc9cfe458ce46c1a36,0xc258ff338322b6852c281936d4edeff8adff23ee,0xbb4cdb9cbd36b01bd1cbaebf2de08d9173bc095c,0x00efe5523fb4c78fc0e1eec26d916310027f25b1,0x4a364f8c717caad9a442737eb7b8a55cc6cf18d8,0x8731d54e9d02c286767d56ac03e8037c07e01e98,0xca46058a5682b13c44f4dd2558afdebf3a28f41f,0x2170ed0880ac9a755fd29b2688956bd959f933f8,0x55d398326f99059ff775485246999027b3197955,0x0ae38f7e10a43b5b2fb064b42a2f4514cba909ef,0x91d6d6af7635b7b23a8ced9508117965180e2362,0x5ba96b2be2b4e88fa51506198ccfaae57fb6f246,0x10ed43c718714eb63d5aa57b78b54704e256024e,0x73f3bf38c6bdbc69042049c022080d14885ff32d,0xa974c41748e8464baf978e3268cddb0d6a1fdbda,0x2c8a4058db744808fffa97e29c8e1b7cbf7aad01,0xc9c33a4aa8fb9f50579ee4d89fb8a45eeccd6f0a,0x1b0aedcd95ea7e93291c1f13365e4bd7660bba92,0x03661968d242ff17c25436ca63483b566e7c108b,0x7e353a711a07cd2720837a3608736d9158a1d8d7,0xe85c4d91dc0d9db0a59300e18acfa2a498419e83,0x35636b85b68c1b4a216110fb3a5fb447a99db14a,0xd027ef82db658805c9ba8053196cd6ed1dd407e4,0x953212fba33c20763400370a0481c5129ae752d9,0xe6297a3f7a7ec264ca8e293f927d86e532b5da9a,0xf04eab7928a24ff134b2e061e55c4844bd188017,0x0ae38f7e10a43b5b2fb064b42a2f4514cba909ef,0x51a80238b5738725128d3a3e06ab41c1d4c05c74,0x9efb28060e0c4ea2538a2b5ede883e86219182b2,0x69e3877a2a81345bafd730e3e3dbef74359988ca,0xd6ee2f6586a60d997356da434aa6e0461aa43db5,0x855f1b323fdd73af1e2c075c1f422593624ed0dd,0xebb95e5b6840717d4b6c548b7cef5450a940cfa4,0x55638a11757cea2dd6130aa42ddc09149bdcaf84","0xfe038c1d96b925511ab18a00aef861c788d38c91c1e8ea978bc2d7fd5d80dd86,0xfa8acb6e405017afd6bfd49cfe6e6e031b491b1119557e0eb84ac3b7fb377ad4,0xfa04526da4dd06c870aaa6ed38f7023862e6dceaae7a9a3a3bf098a02161ddde,0xf6b42fa88331971627af78f1c0cc13d25a106717965b9707daa2d811333d5ac6,0xf537aabb1851136f3e678feb30b174ca6dfd33af2a8ba7ec5384dc424a100140,0xf0329eea632b9ee16fcd66b0b6c3442cbe7aa3b6d795a3facb1a4c8ffa30ab4e,0xed1d02f29852250d228b55c1a6d88853641f5125eb246569b4e9d9c1cd8c7945,0xead86c3bcd7bcd7678dfae5110461acb292dc9f65ed3fcc9275b54fb6679cf44,0xe8cb956f6056fb5e65d254d45ab6a82b69d1529c30ea26d7a2aadc3388d0d8aa,0xe8b56b480b01e4100b96815fcbf464a1e609783fbf27efd2b3c4fcc0bad4e51a,0xe6452dae11159414a304b2d468c1a15a5724821644b8660908d1d438d1cd9177,0xe0e9d4a8523738501570a11974ec30e440a7747ec1066f1768003dec496e7221,0xdccfc7d997a1c5246c58abf38dd3e0b2eff50a68340133379948a608918db2f7,0xda198e99490e7f2984333f5ec7cacc6bffd5d24b87e4f93c8c0532f34368e6e2,0xd8fde3b5fdd36a06089ae5a4327f1a937bdf488351fc827d135e14e30e9d1803,0xd85274ca72e6940cc1d0baa4f21d0ef222ed04735bd83fe2727f457e5c8d0f13,0xd845b5c0501e6dec3db25597176da7974f2bbb76fdf2632c077c9184371a2869,0xd7fca23eaed2add76333a07ba342959395d5ff28a30aed3b58e717fac1b5bbc8,0xd4b90070c5cb04555cdc582a7c055a38a48a372a1e5badbfb77078efec64a56b,0xd2d7fbdd64ce9a3d138a4560c1900d9e492e1c57256d83afc0d46f7a5b262444,0xd2467f4531564213180d6ac6be45447753a2d5c5daef2820fecff4027d47212b,0xd1cc2e742850ce927454ef80a4d2dec02c283e6f697a2fb10bc27a86a2058992,0xd1a0754a21c6a99cf53cdb83d44791492e6ab1b7f8802f8a655fe2c2267c3102,0xcf2d23018d58260407a7e18fc9f7fdeec6746160dc7671133c82580a34b98822,0xce759df0d100e0cadf6e91ba5aac9bca0d877ce0d5c9fb9bebaee1c0c792aab0,0xcd550072da7946482ad95b3e77d19dae6b26e3c169540b4e2e136f21626968e2,0xc9d2ed4b3e7cba821144f1779b573f5cb443432fd33091d83d8d22a196cc5d23,0xc8a6a8f3417a1bdaea6f42bea14ac39a4939de7b203db706f1efb7ec1af26129,0xc843d894a2a67372cf92c49524b35e34d2eafbb67ca6ff19240e00080fe1fa30,0xc83e5feacc87182148c6f7c82ca380319390f0573342302d18421c357f70fff0,0xc6366040901a24fb970287b610f0338585522af5a09d67bd0427bb89c4bc9963,0xc52fc7b914b24db8631ebe73a55bf0f98340b0c1611494ec4cb3e4fc0c13ba8f,0xc4b354b4e93590cd76ed5b675cafd70bc90f9676ec598e9658137e3edc8f9671,0xc35ee28fdd9196de930f12fdcf197768ea72a5de07a13c2c3c7770f2752a3bc8,0xc133e2387cbc3f36dfd450286f2245a5aff3cd180f6a89f07c093568f1801fbc,0xc12a6a1b8b8d02fbf4424607c2b99f3ee3e099edbf609500b6ded38c85d12435,0xbe35ba256727c488e92cba83e64fdce8a0130dd1ad5469491996e35bb020f077,0xbd3d873388d6a24403ee86b5f3c296624235d24ec95f22723a3331f711701d99,0xbae6cf0ade59d16e903e278d1f6dff997fe8de72832beaf26c07074b61ea3caa,0xb8ae9c1cb25d7c41dbdc81a879f8ed5d8794107cfe40f651341de5464ff09242,0xb8ae9c1cb25d7c41dbdc81a879f8ed5d8794107cfe40f651341de5464ff09242,0xb7aeb56c3055285116853d8e27b9cc887dde789c8b99718005498b2285d2ec68,0xb6c6ebd31c15b4576e7552723cc2ef2f672b0799e38c2dc2eb37dbbb5f48763f,0xb2dec34c8e332dd2035cf89201549e6682854209ed3d7aee5029a3e42e93a210,0xb2548e54ec7e9b88cf864ee32a2377658312430a473a367cb93e9e62a8472151,0xb0dd167ab1327fc556da2228695bd06944a5317399289372a0a81edfeaffe07c,0xb052d79a768b7e7955575072325aab0e08cce30a98abfcc3760177b75de16821,0xae6e04b69e7e8acc687a5b8ec99659e09607e8552aeadfd8fdafc1a2388477aa,0xa89f78c60e3230319a9341b868c4bf3369fcdb7882abde46caf1b45014074f0d,0xa8940ee9a78c7df64df9e6143604fe84cb2e9a0276e68d7821cbea16df426b51,0xa720c167424e8ee56dff8860e86c89f60e9c3ef9b40c9c605ae95068c722926f,0xa6ba326893bd09d9bb7e9d619906c20aba6ce64481b1878a760868192e163970,0xa6a6cc38b7dc0b04df08d9e79fe0831515c5113029f58801cf9d4d8ddab6cc23,0xa46a28c9e3fc9399649ecb39ad4d275534bbf796d3450b6ce7618dffdf660366,0xa30f5b70d5743894f770ba726635611553da5479603d36911bd2716607483775,0x9fac0e6c6f7ff51c7e00d4a9ebb8d5ebd00b2270d4e5d52006ae4684852431f1,0x9d40bd0cb2c258ec7efcd1edfd3a25465a1fc96579dbf933191e8cfb18bec853,0x99177ff25b5a2e1300e2ea16b6b79a682a3c1ddcf221fbb16ac75436957ec7bf,0x985219331b39d3efcf6e59ad2a9233816c2fbf503c675595aca48626d4c46b83,0x92e068c89db07858bc3913e4d541533c9e8338b63dfbad338fcac96ad5547b14,0x91120b967896334ee0f5b1f4720bfaa2b10190c19dcf81eb6ab258d4a3c9b5d9,0x9013bc669a9358db919538df2118b92482ecb14afa6a931e2a275780e4d6014e,0x8e7961a8da175654add226c7d2a8fd59c52c62b324edd76ab95005c0875e2c66,0x8df5e334fb750c4af34e6b72c883418428f7b41e78b25e05203494100c8829af,0x8bc1506442d394646f9d18e955185e7e5389821c6c6195e6c847670da92803ba,0x8ac9c158c7f0c614b2f9ac22abc0c4bb7c313d3c7a17b9168f889b5a6fd7d90e,0x8a982fd59cdbc7303c717e2224b8e41a119b87345bd0cb21cb17f2a2f49150b6,0x8a58131c95073d5910a4dc64684367c37bbfb38372541686df07044f37a7dffd,0x89f9feffb34bc124bdf8ab44c0529a4dab6ace42263b207c39cfb08fcfec50c1,0x89959f7c1b0143e9fd1ccbf994cc2e29e382968b01d55bdd664e0e05e14ee903,0x85a9d062e07142187c064e502d357c0598be8b3d66281a7a4949f4f637674462,0x85277b81550c00f57fca6025a268b4d4d796e21d61fa890746e45c78ae44d950,0x84bd4b3902e418b120f275cfb7a989a6ec86b69a3b947a095ac7b4b88f02fafd,0x8423bc457610396255d8e9774d188ff95bf59fcf2f64043f307be18fe34a53d2,0x840edb68cf24fce21bf3c819a4eaa02991beab07fba72881821ddf01274dac6b,0x8353dc44a802c0f326d3544b6503d4c4fb898b9a96164ec40418e6691cbd98d7,0x826f01b5a971ff30c8ec685f516241f1499c7e8453664c32639933921cd83682,0x81d984cf841fe063dcdbe6e88cff938674eaf4efe8688dd2ea208edd75107e94,0x818216baeea3f2cf94111171f47bd8728cd25d056eb2f5f9d92f6d308a466c53,0x818216baeea3f2cf94111171f47bd8728cd25d056eb2f5f9d92f6d308a466c53,0x8043d5fad49a8bed44f09b0ee2663d6ae81998178c10aef39e48a914aa379e89,0x8000781eb1e784b8b63e4c6be9fde1c260fb3b16c40f7a216efa361ecf9c30ed,0x7ff952c9ffff0c6cbc415517a87be5a3b8bea83d20b89383300408bbdc470ef7,0x7fc2a7390f70ec22e60cd93889892af989fd1457abab89f45cb83682066b084f,0x7fc241e95ecf90e3a5c3c177ce749803c847ab08ae81cba42e099404a6b6a4b0,0x7ceda0a1ce6ca0f86b55b3cee2d4e9db81ab13ef93a01dfda6a8e9dc3787be66,0x7b51cd78226a2ed1c1fbc5843718d3490a0b881f66755e8164b0989481a30847,0x78545ac50740c611cfc0977db15d6be57771941f3a52268759f83224b49d4af7,0x773112256e718a162a419bbbc16a68e3354a5d5b2ff762ce1af277e10b77846f,0x770e4e8d391e98695625add043b944c1f590ef130e57a4af275ebedff9545a4c,0x76245ab30f6e08a61096d4f7218e3ca07d5c51e2c723e6fb6b02d7e7b614652d,0x73dbdd32224aaef10cef8d23fe243ece3f2520d682adc10c3d81ebfe9f4440d0,0x71b684eaa36bfa335db4aee9e77f11410204cf4f202db074d55733ee0e4a3602,0x712ed563f6bb66d0233deae99af8b1d21055e6bbd7b8cd1f14170004eda6a2d4,0x70b6e922ec2bc12e039e2eb7002b00ba8232783fa469558259777aa9ef503620,0x6c9b2e5ea1c4a23952d7fce6b6e08250ade24a73063261b0c2871005d3c08aa5,0x6c63a44c27e9062cc2569a8a3e7e9da1c6bb06e4c9f0d10aea1ab7cf889880d4,0x6b298f353c943dfb20c44c1b5739a1087bfb30fe6fd49dac912d72d5dbb2ab41,0x6a2bfa6f9fe769ff301ebab8261b872a58bc8c26e1bcf1a7dad407980fc971ae,0x68c2b82276ca8193b9c4935e8db92358745116c2912170590c9951388ac19499,0x671f857be9722c5e27d00578b35d8d6a24f4a6776b418259a6e983b938d701ec,0x662b3251bde1849e080b01e31ed73e8f9552749a4a2819c6550e0a17e4f23088,0x64de0b790f938178f4f06f65e6567373ff5ffb090e5d163776ec2200cc25eae9,0x6433f7c91c8ebf0e3b5c5beadafdebeaeed5be2255ee5315d2ffc5489c05057d,0x63248fe80a351d2ede82ad421c0a952b76de5a02aa0ad8258f1cb7be4af26a0a,0x62c3e0965870658a3bbfe84b97ce5c779c3a1b2d77e2396f6f57e9241253b285,0x629582a3d4ebd9904f1c0b0711b3c2c62a1799109939eca26972836e055f96c9,0x61969fd323840b10dd9a91ba760e2ef769959248b7c3cdad2768b21d4ee90479,0x612d6fdab3dd6ad8990ea90fe9778bd104c13458ddbcf1b976c506522ef3cbdc,0x5f12035238012200ab04b5f24bd25bb4ccc67fd9e001a5bb158d668bfbfe4c93,0x5e6b541bfea45bd6c21cff1f6d0c60e41cc6dd41be65d2ae48e9e904a3015388,0x5ad5e9d65a4d7c61ea89c0c4e0cc348c8e99802a92061663fd97f315734e2087,0x5a39abbe724082d91e1930f55b8ef5ae0b19d00ded61c11521eae1edb5aa10e6,0x595279ea308c09a551d8da96dc65c7cce6d498e3bc0bfe5e4208d0ef09e446ec,0x590e75d2508556772cb9a59aa2463e04b974ba1075b4cc5c21ec5d1ad89c3ca2,0x58fda95ae3f963c286d593a97d55aea525cf0fbed8b03aa466e5f7f33ea3e5e7,0x58416967e9d1a5ee14bd801283da497ed67e14e71c611a9a2cf8ca4ff6b85f3a,0x581d5d7c3edfe5a180e97ad40247bea1ba70fdfeb9115876d09b3a86ca9e0754,0x558d30867ef977013d73eb426cec960474031412acccf0650293bbacfc88c2b2,0x536cd9797ddd7899a774333c9b5e93a8ecbf4df2da2e2055d896b2dc60264505,0x52b1714b4436ec8ade16829e373a4bd37058a4257b4ccfc83321831c7a3131b6,0x525113a2795b82bc4acc6246dfce6c746314e127e65019a1a0f1fe7f9329fae2,0x515f9804387dc43ca479d8431e7e633c775f08d0ecac1b06a1fd4a16ae3cb557,0x50638b7387fe9b3832958987fca253464b951f5bcbd7a416ed5d78e0c8f6d31f,0x4d847b1503d8cbba85acb6d2095ca86f07ddba173e8545343c6a8f8013a7af1c,0x4bc0a0bca493351a1a4bafef86f1e77ed78c7da1de69415f22b44d2c696315ef,0x48cd81d695ac29c1147949392c05ccdca3acb01f8258eef769ef854848e8d96b,0x48c1a64cd79aafaaf65bd6b1503b9dc84aa473c8b4b149a30a1c4b37ef97dbbd,0x4802528da683bec115f64b209076b6b7096db8d67b372abc34ebe16a62cc0fc5,0x46fa63e6b3b50daa9cd1fc73d61ed9b0d4bd7e22897b8f46de8d681552302eed,0x458acb58f1d7ad121ca39669e51f7ddca818f75e27fc7cedab37b20fee87bf31,0x41b244eed480866acb316035c7272a2e0cfc19154d1f1f456427d41891261c62,0x40a4e4a448b77d630b6adae722d86bb4431cdfb2b5adc08d8f9adf72a0862312,0x3f5ae0e81a029b98f0f6d5be568c3257a3188517a46ec0121e4ec2e9a1ebad21,0x3d4058331d5ff6bd08ebd90b533f8f1f4346030e93b9e0b839ca8d3681113345,0x3808934c0d248a02c7520bb79bb463cc934779605fb7176ffed1ae9b214bbcca,0x3749e808e853aaa3b3654b6ded507a185f77485935dd56438d3c1cb634e9ccdc,0x36275ff1e9529296f33a3a49a631b5cbd7d43c1f5e4107d148ffa4e8152736e1,0x342a054b1cfdae7933990c0666514bad0f57fae5f8a8bd9cdb9cdffe1510c2be,0x330d72bfdb6ef318af8fceedaa45ef9242d594e0e8932e68f149d148f5fcf78d,0x316dbc30398d13f3be8f989f3b7123380b6793529d20b63973eeb27d1b3e0b2c,0x2d74f5edcd758c172fc269fdb70ce5860b040398e60db5bee1c79495719c71e5,0x2b8ffda32a64d47dbbef61062264ec800f2e4144f473634cdcdb55f856d83352,0x2967b27f95b90f8c87a5244250c7357d5f077383f823ad4c8f410ca762484f35,0x28f58fa5c329647afd7444aaf9b5031336d02569a0cfe1e0fd0b6270d75262b0,0x28ccec4f87ed1f38180ef2bb69431d09a86f15344a895fdf81dead4e055d69cd,0x25d4922c9597704b8fcf2197498c6785dea94567c7ca708e217a3e870c3ea5b5,0x22d2e8ad2e7fb900361a918ed83fc4f04584819f66e82ac4d83bf5d2442ac1e6,0x226b5ccc3c3b7d135784f99e3616c40ac568ec82b23c17ea5afbb39f8275111b,0x1e3a4df6b06d94a3fa72ff74fa8a8ef88139596de998b34aa413d98694bc513a,0x1c88d08ba4f6f391b930a0f403c3a6e9934d13b55f03f52905fe26a3dfa1b314,0x1b6d776316437f2c9e6b9456c4063fdf716661053fb9fe896857aeb9e727a2bb,0x1b33733b0035d7e1a628208d386cff9ae8b779dbdd1c5ca9e35d615692445ab5,0x166afb73b7f306814fe5473a96de76461e8da26dc4e589baf19c17755d786c86,0x14fd32cde4c613c9e96c8b86d0c6b38d1986a95208aeeb509d1aa752764896f2,0x1467be61fc98c834e657e30f5f12c1d1bb3a1813165a61b5253b61d5b01d7e63,0x13422cf99c5644a66d2d9378eb7fe9eba778e1f830a8b55c1eefb1400e41fea6,0x12a15c18be79bff406534c431d8a23eb3428fe611923f95bbd88d07a3b721537,0x117353db7f411b6af329d79df61e79196f7bde1ead3252b0803b3bb914bdd36c,0x0f77d042eac55e06f128961391fc6d05244bc31bad17a1bee9fc7e8b5ae26416,0x0f51bd31655a104b6928f8952f844425370ed66697ade69138beb5342a05cec7,0x0e86b7a5f639e1df004afd96002584f80894910385dfce5aa635a68e767418fa,0x0d5bd8a0af828b09c35e63c2c3da2c0baa98626d2a4aa4c4352107a63a0a9d29,0x0c61946285b89b15d3cd280984f4dde1153cb006279f5a516d48cc7cf96724f3,0x0b180833574e85fff5587c5ca4bea7a0d28a834dd9e3d680f6bed56d8d987cc1,0x0832992524e2bc9b54def0469bab4e1be87e4b84ab008659c8e527baef40e083,0x07ec7cbfba2a6bcda9cd0a7374ea5339645553613bebb99835875f9701c44beb,0x04f4b6961327b9f839fc85d60cf403c4701038f130b02563910b8e1f9728dc8b,0x04c59180c08fdabf6fbc1a6cefea874803d4ac52155902061f120feff995920b,0x025c16c707430a45915fd6ed8d3e1bebe076b0d51c5fadd4a45a1825ee958cf4,0x0239c8c44e05b147afd6a1de238bffb9de5579e9a0eb0f45b3b0c278ef2b5ec7,0x0214777fbd7d432e87a9406ec9da820315e6217aafee04c594f22e7c5ddcc24d,0x006b93ff4a2a7edfb3e04ddb68d58bbdf6792e25c858d47a0122a35fae11cbb3"
33,Sturdy Finance,Mainnet,"0xb7499a92fc36e9053a4324affae59d333635d9c3,0x88f8ccc064ba2d39cf08d57b6e7504a7b6be8e4e,0x48cc0719e3bf9561d861cb98e863fda0ceb07dbc,0x904290a4e88b984bab24527601a3d83ff1b7450e,0x86f282c2003facf4185f00b5e49a80db884fec33,0x131ccc65cdb8ea905ba6e66eba503eeef275d8f2,0x102a01611efce588dc071714607be3c96f1318d6,0xa422ca380bd70eef876292839222159e41aaee17,0xa4d147b9da5d1669cc207a9b0b4d86c79135a53d,0x46339b1b9bc2145fcd272afc99002a931f8c2cff,0x23df30fe1d2a8c6f4602db382d727561097f899e,0x73d3e0baee58fed4a7d187ebdbf778f93a5aa9ad,0xe5d78eb340627b8d5bcff63590ebec1ef9118c89,0x55cc38d75197fbd03cede8f1588dcff0f30e36d4,0x960993cb6ba0e8244007a57544a55bddb52db97e,0x4cfa9ddec7a7c381fc3bd438c5a3cf568a633a3d,0xa3e9b5e1dc6b24f296ffcf9c085e2546a466b883,0xe16ae5f666ee66b4fe2168ef4377bbb4af14b215,0x150a51977bc273dfe84b5530d45ed44d175e88f1,0x0701fae0924f30acc9673d69f0274611090926b4,0x86616a01f098a0768c7b0d559120820eb7d89288,0x86616a01f098a0768c7b0d559120820eb7d89288,0x01c05337354aae5345d27d2a4a70b56a17af2b4a,0xe12b0fd4e480de4659eb3742e1465257e58cd750,0xa77d72a6c3fa97f091e9aa9f0c87e9efcb552628,0xf83e4943d76b9a94da0afb06e4f30df773f78938,0x98a60c175ff02fc099383c6f6504a82ad8b85248,0x6adcd1c2a36efba34801384cc4a18f754a4de20e,0x8a128385580d0becdd30000d8120bf2327c32f21,0x603036fcfa50114770351e65787d98b2c5b78d88,0x1c8727682dbe7ec36e00d4d8f39df84fca8e8912,0x1bfb9035214025bd182cc13b2c03cc40cbaa2882,0x4afa73ada5d44e2710bb4dbcc013b9fc4b8893c3,0x5747d28d9317a930279cb6c958c06f802d988828,0x84dcde91a81fe6199641f5a11cc858dd90d2759c,0x2420ee2df56f9c61ca70d94fb509a7b3c04dc19c,0x9787bdc2ff7f39ff981ecc347dfacf6d57b8783e,0x9ff79b260334fa61f6b24190e8faec46bc97b9d3,0xf62b771940105dfb095d0bc5f12a6dc47aaf9142,0x617b89b0e0c87267a2ae3f77fc1b7f83379456da,0xf3c27b49409d62bc50e3497c035a5208f0f8a401,0x846da1f9cbf0e945a790b5bf518a265639039b29,0xfe34b244b51fe4972ba827968e0dc4baa6f7575a,0xc6c3187d47e49ed5071e2100edd5c9b0cb093457,0x7af222326fcc7806ae7e1754c973c87202fd6599,0x4f47e0a441f02b9f7f90638e03f69f245f7559f9,0xcd137da80193b60de953abf74bad89408a552c47,0x81ce0b194cea336c22244139ff71426ac5fc750e,0x19ceffa15261dcf890328b619039416c40a6b8f8,0xe2cac13bbff65d30ba31c1709b73c60573cfbda0,0xcd3c2ab95cf91665d590751cdd3d7959c41951f4,0xcd3c2ab95cf91665d590751cdd3d7959c41951f4,0x9700e0b9d22fe10ff00170462c98abffa2505de2,0xd14a2bd5043f1909a6b20b14e465309fdac3bf50,0xae9dfa3beaf1cfb5caf41b87c0cdc389d62e7105,0xcd3c2ab95cf91665d590751cdd3d7959c41951f4,0xcd1b342cd04a29d7ae86ae54ffccb8b4580a7192,0x66c6074c5a5144877a12e542bbb8dd37110d7567,0x3e233e6f1c6709be546ee2ef10bafce59819577a,0x46f58f3c032064fcaec8484a008e82e27b821f06,0xf8c91e5bffdd79ef7d1d6f9ae3391e021ffcbd73,0xfe3b8248f5bfde88233c87ee17d49143849f9f28,0x40d174027481dc17c3a714995fcb7fb5bc7c5f07,0x368122b4743959e08727a70591a266dee3ff4f4a,0x3bc6db5e3e3c1e262ae0b28ae35f02e485f3dda3,0x640f7b78830db57bafdf6f462d2b458da80825d3,0x85ad7a2085d391af549a4413b84bd9fa38ed201a,0xe60bff4746c1accbccfc8dc46fbc0dcaa9552e61,0x01eac83b91158e09eae57a86ee4538134ff47e26,0x51f2591c31332ef79dc2ad37de876d2a48f1013f,0xac2efc7ec1e06883b181aa167bf2e1feb07615a3,0x1c8727682dbe7ec36e00d4d8f39df84fca8e8912,0x7ed6f3f22fb3f85e1071b5f6e616d5f0e0e32a49,0x994a8c1ad6c6a65e8d8c6b37a9c8f964a6c985a8,0xa5a96c4e5873dbae8e41058f891a05ad9ae3c71e,0x88ee44794baf865e3b0b192d1f9f0ac3daf1ea0e,0x0eef4d49b71bad9c6390c7d5e5495b948e5df280,0xc972d37d48038d289251347a7e52aede64b47a40,0x6cc542d4cd29aa9528d1af83a196abecfee61a8b,0x822802f970ccd9aeb13d0368a2409804d28e1253,0x86a42b7a448c1568d21b00c90eab53b8417eeadc,0x701a570c15903a2b09fb41a12def0265ebdc53be,0xd7bc0dcb0b6ee14bdb204172aba01458abe91ac3,0x4ffa140fc6d5115c808aaf3afda2151f849fcdc3,0x822802f970ccd9aeb13d0368a2409804d28e1253,0xf093e07033efa4ed8167f33a5034af8e049212f7,0x8ea4b4c9bd07e2fa10dfa712b683f2461397cf19,0x31d5b63b54259b37e74c767706f135ac1c9b8879,0x31780cc26c7c66a7a72bde665147de4001b302ec,0xc0ddd95419e2375b7cdc9c12a8db464584e158f3,0x7e704825b55ba9be27483bed912e44cc5a0162bc,0xd9d5c29a4c11d099b7d61c0f2b66b24b1290e127,0xcd23db9b3ff90cf200c60efaa9b9f6fbd139635f,0x8209bb16a39fd6b76799e7f34702e316cf1129f0,0xd9345caca72e1376c00e534ed86a08cfce129337,0xb508171e31273887cb530b5268834c218b3a1303,0xb1ebf8f77ae002d487e7bde22c6180be0af6a3d4,0x5bb3b2782341ac5e0a72dad797d0c27dbebfaadc,0xe1ee5b789ba4ea5287999034fdf293361b53e024,0x403c736f7a79e45bee42fd42a6f89a0a46e38012,0x35616ab2ee92688afe80ebde1dcbeda91f90862c,0x3e0a984a5b4cd60b566c4d851555c7d213ea0eda,0x589bb2ab56b725c50fe3a583eee557023ab4f6e6,0x53799cb6aded2490bf2b15b8f0706e71f05597f1,0x26e3a8953769fe1befc784cb1d42ed0b23742e8c,0x901247d08bebfd449526da92941b35d756873bcd,0x10aa9eea35a3102cc47d4d93bc0ba9ae45557746",
34,Keep3r Network,Mainnet,"0x1ceb5cb57c4d4e2b2433641b95dd330a33185a44,0xfc48ac750959d5d5ae9a4bb38f548a7ca8763f8d,0x11b7a6bc0259ed6cf9db8f499988f9ecc7167bf5,0xedde080e28eb53532bd1804de51bd9cd5cadf0d4,0x976b01c02c636dd5901444b941442fd70b86dcd5,0x3f6740b5898c5d3650ec6eace9a649ac791e44d7,0x053d7dd4dde2b5e4f6146476b95ea8c62cd7c428,0xeb02addcfd8b773a5ffa6b9d1fe99c566f8c44cc",
35,Hashflow,Mainnet,"0x79cdfd7bc46d577b95ed92bcdc8ababa1844af0c,0xb3999f658c0391d94a37f7ff328f3fec942bcadc",
36,Pawnfi,Mainnet,"0x85018cf6f53c8bbd03c3137e71f4fca226cda92c,0x5f0a4a59c8b39cddbcf0c683a6374655b4f5d76e,0x73625745ed66f0d4c68c91613086ece1fc5a0119,0x0b89032e2722b103386adccae18b2f5d4986afa0,0x6a55080d5ba7cff935fb6ac54f4af4486ee24b1c,0x0b7d8eda67ce2555abe41d2df2102d62becf38bd",
37,Lido,Mainnet,"0xf0211b7660680b49de1a7e9f25c65660f0a13fea,0xfe5986e06210ac1ecc1adcafc0cc7f8d63b3f977,0xfebd8fac16de88206d4b18764e826af38546afe0,0x48c4929630099b217136b64089e8543db0e5163a,0x935cb3366faf2cfc415b2099d1f974fd27202b77,0x22010d1747cafc370b1f1fbba61022a313c5693b,0x1f2b79fe297b7098875930bba6dd17068103897e,0x97615f72c3428a393d65a84a3ea6bbd9ad6c0d74,0x00caaef11ec545b192f16313f53912e453c91458,0xb0fe4d300334461523d9d61aad90d0494e1abb43,0x0535a67ea2d6d46f85fe568b7eaa91ca16824fec,0xdc1a0c7849150f466f07d48b38eaa6ce99079f80,0x84f74733ede9bfd53c1b3ea96338867c94ec313e,0xdffcd3bf14796a62a804c1b16f877cf7120379db,0x4e6d3a5023a38ce2c4c5456d3760357fd93a22cd,0xe07305f43b11f230eaa951002f6a55a16419b707,0x67fb97abb9035e2e93a7e3761a0d0571c5d7cd07,0x231ac69a1a37649c6b06a71ab32ddd92158c80b8,0xbd2b6dc189eefd51b273f5cb2d99ba1ce565fb8c,0x49d1363016aa899bba09ae972a1bf200ddf8c55f,0x48c135ff690c2aa7f5b11c539104b5855a4f9252,0x7e8effab3083fb26ace6832bfca4c377905f97d7,0xae7ab96520de3a18e5e111b5eaab095312d7fe84,0x7f39c581f595b53c5cb19bd0b3f8da6c935e2ca0,0x8f73e4c2a6d852bb4ab2a45e6a9cf5715b3228b7,0xfddf38947afb03c621c71b06c9c70bce73f12999,0x55032650b14df07b85bf18a3a3ec8e0af2e028d5,0xc77f8768774e1c9244beed705c4354f2113cfc09,0x388c818ca8b9251b393131c08a736a67ccb19297,0x889edc2edab5f40e902b864ad4d7ade8e412f9b1,0xb9d7934878b5fb9610b3fe8a5e441e8fad7e293f,0xd15a672319cf0352560ee76d9e89eab0889046d3,0xf95f069f9ad107938f6ba802a3da87892298610e,0x852ded011285fe67063a08005c71a85690503cee,0xd624b08c83baecf0807dd2c6880c3154a5f0b288,0x0de4ea0184c2ad0baca7183356aea5b8d5bf5c6e,0x7fadb6358950c5faa66cb5eb8ee5147de3df355a,0x9305c1dbfe22c12c66339184c0025d7006f0f1cc,0xbf05a929c3d7885a6aead833a992da6e5ac23b09,0x442af784a788a5bd6f42a01ebe9f287a871243fb,0xb8ffc3cd6e7cf5a098a1c92f48009765b24088dc,0x5a98fcbea516cf06857215779fd812ca3bef1b32,0x2e59a20f205bb85a89c53f1936454680651e618e,0xf73a1260d222f447210581ddf212d915c09a3249,0xb9e5cbb9ca5b0d659238807e84d0176930753d86,0x3e40d73eb977dc6a537af587d48316fee66e9c8c,0x9895f0f17cc1d1891b6f18ee0b483b6f221b37bb,0x4ee3118e3858e8d7164a634825bfe0f73d99c792,0xf5dc67e54fc96f993cd06073f71ca732c1e654b1,0xf9339de629973c60c4d2b76749c81e6f40960e3a,0x0d97e876ad14db2b183cfeeb8aa1a5c788eb1831,0x8b3f33234abd88493c0cd28de33d583b70bede35,0xee06ea501f7d9dc6f4200385a8d910182d155d3e,0x6c82877cac5a7a739f16ca0a89c0a328b8764a24,0x1ad5cb2955940f998081c1ef5f5f00875431aa90,0x1ad5cb2955940f998081c1ef5f5f00875431aa90,0xdc24316b9ae028f1497c275eb9192a3ea0f67022,0x828b154032950c8ff7cf8085d841723db2696056,0xf668e6d326945d499e5b35e7cd2e82acfbcfe6f0,0x32296969ef14eb0c6d29669c550d4a0449130230,0xc1a900ae76db21dc5aa8e418ac0f4e888a4c7431,0xc5578194d457dcce3f272538d1ad52c68d1ce849,0xcfe54b5cd566ab89272946f602d76ea879cab4a8,0x86392dc19c0b719886221c78ab11eb8cf5c52812,0x3a6bd15abf19581e411621d669b6a2bbe741ffd6,0xab55bf4dfbf469ebfe082b7872557d1f87692fe6,0x4b3edb22952fb4a70140e39fb1add05a6b49622b,0xdb46c277da1599390eab394327602889e9546296,0x753d5167c31fbeb5b49624314d74a957eb271709,0x99ac10631f69c753ddb595d074422a0922d9056b,0xdc24316b9ae028f1497c275eb9192a3ea0f67022,0x6140182b2536ae7b6cfcfb2d2bab0f6fe0d7b58e,0x8f1155447ee97b5ae147a01a5c420b0fddf0370d,0xe5576eb1dd4aa524d67cf9a32c8742540252b6f4,0x75ff3dd673ef9fc459a52e1054db5df2a1101212,0x1dd909cddf3dbe61ac08112dc0fdf2ab949f79d8,0x1220cccdc9bba5cf626a84586c74d6f940932342,0x55c8de1ac17c1a937293416c9bce5789cbbf61d1,0x86f6c353a0965eb069cd7f4f91c1afef8c725551,0xf5436129cf9d8fa2a1cb6e591347155276550635,0xc20129f1dd4dfed023a6d6a8de9d54a7b61af5cc,0xd420d6c8aa81c087829a64ce59936b7c1176a81a,0xa2f987a546d4cd1c607ee8141276876c26b72bdf,0x07be9bb2b1789b8f5b2f9345f18378a8b036a171,0x707f9118e33a9b8998bea41dd0d46f38bb963fc8,0x2618e94a7f6118aced2e51e0a05da43d2e2ed40c,0xe3c8a4de3b8a484ff890a38d6d7b5d278d697fb7,0x2bdfd3de0ff23373b621cdad0ad3df1580efe701,0x1982b2f5814301d4e9a8b0201555376e62f82428,0xbd233d4ffdaa9b7d1d3e6b18cccb8d091142893a,0x66457616dd8489df5d0afd8678f4a260088aaf55,0x8180949ac41ef18e844ff8dafe604a195d86aea9,0xa9deac9f00dc4310c35603fcd9d34d1a750f81db,0xde2c414b671d2db93617d1592f0490c13674de24,0xff04ed5f7a6c3a0f1e5ea20617f8c6f513d5a77c,0x489f04eeff0ba8441d42736549a1f1d6cca74775,0x689e03565e36b034eccf12d182c3dc38b2bb7d33,0xa9b2f5ce3aae7374a62313473a74c98baa7fa70e,0xe3224542066d3bbc02bc3d70b641be4bc6f40e36,0x1bdffe0ebef3feadf2723d3330727d73f538959c,0x13c6ef8d45afbccf15ec0701567cc9fad2b63ce8,0xda1df6442afd2ec36abea91029794b9b2156add0,0xf0211b7660680b49de1a7e9f25c65660f0a13fea,0xfe5986e06210ac1ecc1adcafc0cc7f8d63b3f977,0xfebd8fac16de88206d4b18764e826af38546afe0,0x48c4929630099b217136b64089e8543db0e5163a,0x935cb3366faf2cfc415b2099d1f974fd27202b77,0x22010d1747cafc370b1f1fbba61022a313c5693b,0x1f2b79fe297b7098875930bba6dd17068103897e,0x97615f72c3428a393d65a84a3ea6bbd9ad6c0d74,0x00caaef11ec545b192f16313f53912e453c91458,0xb0fe4d300334461523d9d61aad90d0494e1abb43,0x0535a67ea2d6d46f85fe568b7eaa91ca16824fec,0xdc1a0c7849150f466f07d48b38eaa6ce99079f80,0x84f74733ede9bfd53c1b3ea96338867c94ec313e,0xdffcd3bf14796a62a804c1b16f877cf7120379db,0x4e6d3a5023a38ce2c4c5456d3760357fd93a22cd,0xe07305f43b11f230eaa951002f6a55a16419b707,0x67fb97abb9035e2e93a7e3761a0d0571c5d7cd07,0x231ac69a1a37649c6b06a71ab32ddd92158c80b8,0xbd2b6dc189eefd51b273f5cb2d99ba1ce565fb8c,0x49d1363016aa899bba09ae972a1bf200ddf8c55f,0x48c135ff690c2aa7f5b11c539104b5855a4f9252,0x7e8effab3083fb26ace6832bfca4c377905f97d7,0x200da0b6a9905a377cf8d469664c65db267009d1,0x958e0d946d014f377421a53ab5f9180d4485e63b,0x83e976758b7ab1bb676a4fea073fa0e2a807642b,0x75100bd564415731b5936a4a94d0dc29dde5db3c,0x17f6b2c738a63a8d3a113a228cfd0b373244633d,0x9b1cebf7616f2bc73b47d226f90b01a7c9f86956,0xde06d17db9295fa8c4082d4f73ff81592a3ac437,0x87d93d9b2c672bf9c9642d853a8682546a5012b5,0x12a43b049a7d330cb8aeab5113032d18ae9a9030,0xe2a682a9722354d825d1bbdf372cc86b2ea82c8c,0x98be4a407bff0c125e25fbe9eb1165504349c37d,0x834560f580764bc2e0b16925f8bf229bb00cb759,0xa02fc823cce0d016bd7e17ac684c9abab2d6d647,0x87d93d9b2c672bf9c9642d853a8682546a5012b5,0x73b047fe6337183a454c5217241d780a932777bd","0xd2d7fbdd64ce9a3d138a4560c1900d9e492e1c57256d83afc0d46f7a5b262444,0x8a58131c95073d5910a4dc64684367c37bbfb38372541686df07044f37a7dffd,0x818216baeea3f2cf94111171f47bd8728cd25d056eb2f5f9d92f6d308a466c53,0x818216baeea3f2cf94111171f47bd8728cd25d056eb2f5f9d92f6d308a466c53,0x7ff952c9ffff0c6cbc415517a87be5a3b8bea83d20b89383300408bbdc470ef7,0x7fc2a7390f70ec22e60cd93889892af989fd1457abab89f45cb83682066b084f,0x6b298f353c943dfb20c44c1b5739a1087bfb30fe6fd49dac912d72d5dbb2ab41,0x6a19ccb977d63719dbe5b533ae7578c33fe7fad25ff537a09bf7440fa137fe21,0x61969fd323840b10dd9a91ba760e2ef769959248b7c3cdad2768b21d4ee90479,0x5e6b541bfea45bd6c21cff1f6d0c60e41cc6dd41be65d2ae48e9e904a3015388,0x525113a2795b82bc4acc6246dfce6c746314e127e65019a1a0f1fe7f9329fae2,0x2d3b89eb9ddb1efc70abadc3a7dbfed727d2471f8dd3fcbd6c0656414950e60d,0x0c61946285b89b15d3cd280984f4dde1153cb006279f5a516d48cc7cf96724f3"
38,Aave,Mainnet,"0xc2aacf6553d20d1e9d78e365aaba8032af9c85b0,0x87870bca3f3fd6335c3f4ce8392d69350b4fa4e2,0x64b761d848206f447fe2dd461b0c635ec39ebb27,0x8164cc65827dcfe994ab23944cbc90e0aa80bfcb,0x2f39d218133afab8f2b819b1066c7e434ad94e9e,0xbaa999ac55eace41ccae355c77809e68bb345170,0x7b4eb56e7cd4b454ba8ff71e4518426369a138a3,0x162a7ac02f547ad796ca549f757e2b8d1d9b10a6,0x91c0ea31b49b69ea18607702c5d9ac360bf3de7d,0x91c0ea31b49b69ea18607702c5d9ac360bf3de7d,0xd322a49006fc828f9b5b37ab215f99b4e5cab19c,0xc7be5307ba715ce89b152f3df0658295b3dba8e2,0x54586be62e3c3580375ae3723c145253060ca0c2,0x464c71f6c2f760dda6093dcb91c24c39e5d6e18c,0x3d569673daa0575c936c7c67c4e6aeda69cc630c,0x872fbcb1b582e8cd0d0dd4327fbfa0b4c2730995,0xb748952c7bc638f31775245964707bcc5ddfabfc,0x87870bca3f3fd6335c3f4ce8392d69350b4fa4e2,0x4d5f47fa6a74757f35c14fd3a6ef8e3c9bc514e8,0x102633152313c81cd80419b6ecf66d14ad68949a,0xea51d7853eefb32b6ee06b1c12e6dcca88be0ffe,0x0b925ed163218f6662a35e0f0371ac234f9e9371,0x39739943199c0fbfe9e5f1b5b160cd73a64cb85d,0xc96113eed8cab59cd8a66813bcb0ceb29f06d2e4,0x40aabef1aa8f0eec637e0e7d92fbffb2f26a8b7b,0xa1773f1ccf6db192ad8fe826d15fe1d328b03284,0x5ee5bf7ae06d1be5997a1a72006fe6c607ec6de8,0x98c23e9d8f34fefb1b7bd6a91b7ff122f4e16f5c,0xb0fe3d292f4bd50de902ba5bdf120ad66e9d7a39,0x72e95b8931767c79ba4eee721354d6e99a61d004,0xcf8d0c70c850859266f5c338b38f9d663181c314,0x413adac9e2ef8683adf5ddaece8f19613d60d1bb,0x018008bfb33d285247a21d44e50697654f754e63,0x5e8c8a7243651db1384c0ddfdbe39761e8e7e51a,0x63b1129ca97d2b9f97f45670787ac12a9df1110a,0x4228f8895c7dda20227f6a5c6751b8ebf19a6ba8,0xbae535520abd9f8c85e58929e0006a2c8b372f74,0x268497bf083388b1504270d0e717222d3a87d6f2,0xa700b4eb416be35b2911fd5dee80678ff64ff6c9","0xd2d7fbdd64ce9a3d138a4560c1900d9e492e1c57256d83afc0d46f7a5b262444,0x818216baeea3f2cf94111171f47bd8728cd25d056eb2f5f9d92f6d308a466c53,0x818216baeea3f2cf94111171f47bd8728cd25d056eb2f5f9d92f6d308a466c53,0x7fc241e95ecf90e3a5c3c177ce749803c847ab08ae81cba42e099404a6b6a4b0,0x5e6b541bfea45bd6c21cff1f6d0c60e41cc6dd41be65d2ae48e9e904a3015388,0x536cd9797ddd7899a774333c9b5e93a8ecbf4df2da2e2055d896b2dc60264505,0x2967b27f95b90f8c87a5244250c7357d5f077383f823ad4c8f410ca762484f35,0x1b33733b0035d7e1a628208d386cff9ae8b779dbdd1c5ca9e35d615692445ab5,0x0d5bd8a0af828b09c35e63c2c3da2c0baa98626d2a4aa4c4352107a63a0a9d29,0x04f4b6961327b9f839fc85d60cf403c4701038f130b02563910b8e1f9728dc8b"
39,Uniswap v3,Mainnet,"0x1f98431c8ad98523631ae4a59f267346ea31f984,0x5ba1e12693dc8f9c48aad8770482f4739beed696,0xb753548f6e010e7e680ba186f9ca1bdab2e90cf2,0xbfd8137f7d1516d3ea5ca83523914859ec47f573,0xb27308f9f90d607463bb33ea1bebb41c27ce5ab6,0xe592427a0aece92de3edee1f18e0157c05861564,0x42b24a95702b9986e82d421cc3568932790a48ec,0x91ae842a5ffd8d12023116943e72a606179294f3,0xee6a57ec80ea46401049e92587e52f5ec1c24785,0xc36442b4a4522e871399cd717abdd847ab11fe88,0xa5644e29708357803b5a882d272c41cc0df92b34","0xe6452dae11159414a304b2d468c1a15a5724821644b8660908d1d438d1cd9177,0xe0e9d4a8523738501570a11974ec30e440a7747ec1066f1768003dec496e7221,0xd7fca23eaed2add76333a07ba342959395d5ff28a30aed3b58e717fac1b5bbc8,0xd1cc2e742850ce927454ef80a4d2dec02c283e6f697a2fb10bc27a86a2058992,0xc52fc7b914b24db8631ebe73a55bf0f98340b0c1611494ec4cb3e4fc0c13ba8f,0xa89f78c60e3230319a9341b868c4bf3369fcdb7882abde46caf1b45014074f0d,0x9d40bd0cb2c258ec7efcd1edfd3a25465a1fc96579dbf933191e8cfb18bec853,0x85a9d062e07142187c064e502d357c0598be8b3d66281a7a4949f4f637674462,0x8423bc457610396255d8e9774d188ff95bf59fcf2f64043f307be18fe34a53d2,0x773112256e718a162a419bbbc16a68e3354a5d5b2ff762ce1af277e10b77846f,0x76245ab30f6e08a61096d4f7218e3ca07d5c51e2c723e6fb6b02d7e7b614652d,0x73dbdd32224aaef10cef8d23fe243ece3f2520d682adc10c3d81ebfe9f4440d0,0x595279ea308c09a551d8da96dc65c7cce6d498e3bc0bfe5e4208d0ef09e446ec,0x590e75d2508556772cb9a59aa2463e04b974ba1075b4cc5c21ec5d1ad89c3ca2,0x117353db7f411b6af329d79df61e79196f7bde1ead3252b0803b3bb914bdd36c"
40,Curve Fi,Mainnet,"0x7ca5b0a2910b33e9759dc7ddb0413949071d7575,0xeb21209ae4c2c9ff2a86aca31e123764a3b6bc06,0x845838df265dcd2c412a1dc9e959c7d08537f8a2,0xa2b47e3d5c44877cca798226b7b8118f9bfb7a56,0x9fc689ccada600b6df723d9e47d84d76664a1f23,0xac795d2c97e60df6a99ff1c814727302fd747a80,0xbc89cd85491d81c6ad2954e6d0362ee29fca8f53,0x52ea46506b9cc5ef470c5bf89f17dc28bb35d85c,0x45f783cce6b7ff23b2ab2d70e416cdb7d6055f51,0xdf5e0e81dff6faf3a7e52ba697820c5e32d806a8,0xbbc81d23ea2c3ec7e56d39296f0cbb648873a5d3,0xfa712ee4788c042e2b7bb55e6cb8ec569c4530c1,0x0001fb050fe7312791bf6475b96569d83f695c9f",
41,Convex Fi,Mainnet,"0x989aeb4d175e16225e39e87d0d97a3360524ad80,0xa3c5a1e09150b75ff251c1a7815a07182c3de2fb,0x947b7742c403f20e5faccdac5e092c943e7d0277,0x4e3fbd56cd56c3e72c1403e103b45db9da5b9d2b,0x62b9c7356a2dc64a1969e19c23e4f579f9810aa7,0x8014595f2ab54cd7c604b00e9fb932176fdc86ae,0xedccb35798fae4925718a43cc608ae136208aa8d,0xedccb35798fae4925718a43cc608ae136208aa8d,0x3c995e43e6ddd551e226f4c5544c77bfed147ab9,0x877288c4e6eba4f635ba7428706447353b47de75,0xcf50b810e57ac33b91dcf525c6ddd9881b139332,0x3fe65692bfcd0e6cf84cb1e7d24108e434a7587e,0x3ce6408f923326f81a7d7929952947748180f1e6,0xf403c135812408bfbe8713b5a23a04b3d48aae31,0x25e12482a25cf36ec70fda2a09c1ed077fc21616,0x5f465e9fcffc217c5849906216581a657cd60605,0xe98984ad858075813ada4261af47e68a64e28fcc,0xa1bc2cf69d474b39b91665e24e7f2606ed142991,0x2e088a0a19dda628b4304301d1ea70b114e4accd,0x92cf9e5e4d1dfbf7da0d2bb3e884a68416a65070,0xdd49a93fdcae579ae50b4b9923325e9e335ec82b,0x3f29cb4111cbda8081642da1f75b3c12decf2516,0x05767d9ef41dc40689678ffca0608878fb3de906,0x33f6ddaea2a8a54062e021873bcaee006cdf4007,0x1389388d01708118b497f59521f6943be2541bb7,0xd18140b4b819b895a3dba5442f959fa44994af50,0x72a19342e8f1838460ebfccef09f6585e32db86e,0xb5bbc863bafe5006c68613b89130812a7b586a4e,0xdecc7d761496d30f30b92bdf764fb8803c79360d,0x9b622f2c40b80ef5efb14c2b2239511ffbfab702,0xaa0c3f5f7dfd688c6e646f66cd2a6b66acdbe434,0xadd2f542f9ff06405fabf8cae4a74bd0fe29c673,0x5fba69a794f395184b5760daf1134028608e5cd1,0xd20904e5916113d11414f083229e9c8c6f91d1e1,0x5f47010f230ce1568bea53a06ebaf528d05c5c1b",
42,Coinbase Wrapped Staked ETH,Mainnet,0xbe9895146f7af43049ca1c1ae358b0541ea49704,
43,Compound Fi III,Mainnet,"0xc3d688b66703497daa19211eedff47f25384cdc3,0xa17581a9e3356d9a858b789d68b4d866e593ae94",
44,Instadapp,Mainnet,"0x2971adfa57b20e5a416ae5a708a8655a9c74f723,0x4c8a1beb8a87765788946d6b19c6c6355194abeb,0xfe02a32cbe0cb9ad9a945576a5bb53a3c123a3a3,0x97b0b3a8bdefe8cb9563a3c610019ad10db8ad11,0x8a5419cfc711b2343c17a6abf4b2bafabb06957f,0xcba828153d3a85b30b5b912e1f2dacac5816ae9d,0x619ad2d02dbee6eba3cdbda3f98430410e892882,0x10c7b513b7d37f40bdbce77183b9112ec35caec1,0x28849d2b63fa8d361e5fc15cb8abb13019884d09",
45,Rocket Pool,Mainnet,0xd33526068d116ce69f19a9ee46f0bd304f21a51f,
46,Jimbo's Protocol,Arb,"0x271944d9d8ca831f7c0dbcb20c4ee482376d6de7,0xc3813645ad2ea0ac9d4d72d77c3755ac3b819e38",
47,El Dorado Exchange,Arb,"0xccd3891c1452b7cb0e4632774b9365dc4ee24f20,0x5566d132324181427ed4f46989121030bc6689c7,0x496900eabcdf5544507ed29cda3c7f9d0ace7208,0xcb5518365d8888ea390213240043091f35f46c6c,0x038cc240a4337a5758700235f4efa3fcd1b521f6,0x24b6137a5fe9d058baf654bb73ab857f57df8bb4,0x6064dcb3ccc4bb33e6e4f5c20d126ab15fa14f0d,0xe8bb48df26cb53f89ee09cb65f3bf079d44d25cb,0x9dc362db8b1c1034a8b34551ece88ded9b40feee,0x5c1d800bf2154fe78018e12ab0b63e94ed23eebc,0x75b814ab2d7e1144d8deba303b024e8fdfe599ec,0x63587f908681b9200c14a22cf6b53935e665eae9,0x985a1608e8096ea9bebf2100d2319ce7f7f3b7ae,0xdfe6bb98833dae0f5cd76f488fc7726b140fc6e9,0x09d196538f9a09a377c38b5c4400a45d113357f6,0x046600975bed388d368f843a67e41545e27a2591,0xf52a5eda9e44b3d5182809c2365d6f52f967521f,0x170244a426b016c69e09131428a78117ffe6d7fb,0x3838bfe876823527fdbda77c9f6dc86cc10c5b77,0x734f022e72150ce6d1156aae692c4393ca2709df,0xffcfe373b4dbd373263b8b77462790a9e42b866a,0xd996775bc652e3d48e2693f08cf52ceb0ec0e21f,0x96569ff8f1eb073f0ffd5ccbf855b7a5431c3b2e,0x730c4cd9499033ddb2bf5465098e108089b6f123,0x00962b56fe689facc6ec66d38867f1238304b18f,0x865cd1dcddab2048bb6ab015a69561854c23ab6d,0x9ecb49340c3f29e1517244579782b8b693f9b28b,0x57b78bff7297635414c55443ff4e3dae8a55a74a,0xc8b346cd04d367bbb234732f36ee6a5be6a54c8f,0xec08b5a75473fd581be6628d4e2ed08b49078df0,0xfc36be177868b05f966e57bfc01617501b1f6926,0xb23cd479195c3ad24c569c5e1f8641da5a4b3ce4,0x5655fbeb5e066ae5fcce763ed21dac39bd3b144c,0xcc86d1c43aa2da48d08e82e82eb2a0850e219bc8,0x23155efd762a120be5dc61b83c891478908fe5d4,0x500fd1c44502670384b8dafecede9ed5fe32f017,0x122383c611805a9e29eab8d94f130dc047bf81ac,0x26aa71be9ccd794a4c9043be026c68496b45aa73,0x2108397905f6d3a9b277c545948c6d6e1ca22d06,0x16a6bd70684c0626bc3c69ef62ef5860849df851,0x44d8a4e73a25860d9d61cb8e0efc48701656ee82,0x23cfbf835e6d4ab8a45dca7115869e88cba5957d,0x12a8aef0f1b3af754359bb6df0f6ee19c58e330d,0x2bae69f0d73241e20b477e4b6e87e964b84e2eb7,0x0142fef53ebb44ed2c00c16478dc619fc3e64321,0xb00885eef0610c1a9d0f4c125abe959b63f6b2bf,0x86af1e551c081ec2269f62708c291af1627fa4ed,0x39eb2a5196a00186d15c28e9fe35a36fd1e6f06c,0x9321061001f07420bf1f068d46fec6e5485690a2,0xe3ca515c9c430f2e270e293ab2793070014f720d,0x494b1c5db70f0e4fe577a53685184b47279c5901,0x881db48147c014111ef2ac6587e3cf2d9206171d,0xe8594bb25fb88bbefd61d219ffbd32a0de77b383,0x1c547fba2c20bb5d432970947b4849143a8e4ff8,0x2380b6f99266121ffaf0c457cfadcd0dc5846560,0x872b327cc9494a31c87134b5162525b7224c525e,0xdaffd168bdac2cfe3b52d3050b4f743b42d00d91,0x5d47e35fc6a1f3e22a5cd1acd5bab918be49f531,0x86fe7bdb5fc80b33474b7572790436c3bd3df30e,0x586af3a3d29b5ce55226369c1de102d899e33d0c,0xc7d1489611726553a28acaff05fdb2ca452fdd10,0xf321de3e71b35e087f2cd5d59f5a2c6621570f2f,0xa6c5c7d189fa4eb5af8ba34e63dcdd3a635d433f,0x8eda8226c679103535a0620e3f32f50c3b8a0d1b,0x9e5b541b3404bb833b4590f352361c0de797e7ee,0x149d5f5e5d5bcfdaf8ec6eef33d3556660a31e96,0x6b254d95a80a78e33a3e9662f0e313d78d1a11f7,0x38da3747b00f836f68c97ff3f15a2d5947e43c8b","0xddf6de90a26cf13b5f0ef9889c72d1d48bcdb58bf277a7022a3b4b169b4b6e10,0x5f656ba0d3f13189c7ba71964782141dccabfb6e0a7ccdd3e3da70acb6b0f142,0x2b4e42ea64f3e17fa820e1c6d1fa23882e755d3258566e22de3615c232c73486,0x00d0243cd76e492ccb5b414c2d6109315dcebc511836163837c331fbd67018d7"
48,LunaFI,Polygon,"0xe6e5f921c8cd480030efb16166c3f83abc85298d,0xfc604b6fd73a1bc60d31be111f798dd0d4137812,0x77d97db5615dfe8a2d16b38eaa3f8f34524a0a74,0x58eda02e51dbbfd5190f779573bb3efbd41afc68,0x14e849b39ca7de7197763b6254ee57edbe0f3375,0x1311dcadf3330dd0aeb4d03177f9568880febb34,0x07244afb53ad824366a19cb3c972030064555e75,0x2bb91032f277bdc0da7de271ba03b3341b73b4c1",
