Date,MonthYear,Attack Name,Network,Attacked Protocol Addresses,Attacker,Detected,Deteted For Protocol,AlertId,Time of Alert,ExploitTxHash,Time of Exploit Tx,Diff,Diff in sec,Time to Detect Comment,Victim,Victim Comment,Comment,ProtocolContracts,MatchingAlertHashesForProtocolContracts
6/27/2023,20236,Themis,Arb,,"0xdb73eb484e7dea3785520d750eabef50a9b9ab33,0x05a1b877330C168451F081bFaF32D690Ea964Fca",,,,,0xff368294ccb3cd6e7e263526b5c820b22dea2b2fd8617119ba5c3ab8417403d8,Jun-27-2023 06:33:09 PM +UTC,,,,,,,"0x75F805e2fB248462e7817F0230B36E9Fae0280Fc,0xe611e633C1E88d4f026fec5Bc1E40E8A477f41aD,0x6a9591Df4BDcCfA273D5760459fb9B00CeA6B4F1,0x86d0A7A8Bd588f702e154c4d6d2B95E5329a25cC,0xF053325F55e01F6f3D51AF45b42E730BD52f946a,0x7A89D78f1896957388fC4534Fc490cd8C1E24739,0x993b16ff4b16488912A9BC6cbE1F56CF2b34e259,0xb1f4463bFBf3F96b030BEAf0046ed6d33042754f,0xe3B47c688e61e74d159725EE6011D6F31A9037Eb,0x1762A96724ab7ae072ABD7dB7A43fFc66261669E,0x1467B18945135c6866b7f9d64729bcDAD60C9295,0x10c73B8e7E5DC0d25a1A717f4BF9026d955382dE,",
6/28/2023,20236,Unagi,Mainnet,,"0x00000006e09c1905203d59C506113F5dd677f7FA,0x34744E2C314FB4e59C16AfB7A8bD3C87e0389309",FN,,,,0xeaed60c62c6dfcfb5884c382baf3ec5a97d60dab8ee418e40450ca9ddefea2dc,Jun-28-2023 06:20:11 AM +UTC,,,,,,,"0x4aD0b81f92B16624BBcF46FC0030cFBBf8d02376,0xBc5991cCd8cAcEba01edC44C2BB9832712c29cAB,0x178Bf8fD04b47D2De3eF3f6b3D112106375ad584,0x3aF5Ba94C29a8407785f5f6d90eF5d69a8EB2436,0x77607588222e01bf892a29Abab45796A2047fc7b,0x634b0273D7060313FAA60f96705116c9DE50fA1f,0x49b09e7E434a3A4A924A3b640cBBA54bF93B5677,0xBF8734c5A7b3e6D88aa0110beBB37844AC043d0A,0x7F20551E082ba3E035F2890cBD1EC4E275b9C8C0,0xDe07f45688cb6CfAaC398c1485860e186D55996D,0x9ce3018375d305CE3C3303A26eF62D3d2EB8561A,0x7f75d72886D6A8677321E5602d18948aBCb4281A,0x1Eb06EaE3263a35619dC87812a8e7Ec811B59E63,0xB088D7C71ea9eBAed981c103Fc3019B59950d2C9,0x8eF11c51a666C53Aeeec504f120cd1435E451342,0x7C765C474D231fd915dc78832b478F309071cba7,0xb00AA15F78A278Be2FCb2aa7de899F3F863780f8,0xdF60b2CC40AFd588Bf650977A2d6C6AF39939f4C,0x0349Cf57BaE5C0d9be56b9C478Ea3797c7BcFddB,0x9501B3a6DcE1Bbe6094356391F3992e08EE90E3a,0x09DAb27cC3758040eea0f7b51df2Aee14bc003D6,0x6aBE5f87E3F4dC87301064F63CA5b244d119980d,0xC13A321d800d2477D35BFE342f14368752Bdc82f,0xAa6a0f286A0DEF717e9167B770C795Cb4D72c15B,0x8a539e173b5ecEe47401A82671f59DE95A082c56,0x61Bc30d0347DE4A5766beD1e6f7049543DA0CA77,0xfDa4236ADF86eBF0058BAD69Fb2e5991cfd233a2,0xc63942159F8aDf59D180EAB1333F23495aEF12Ad,0x85cb4Da19994f20cdd55527155C650CB3E613CA3,0x7F52020A55a24011cC54e4eadcF37Edc7e69F8F5,0xCC16943C30dFBbF53b3eB1FAb374a38FC79AC2F4,0x549452631ec594C0580d0bf313D2dF22304f574F,0x8c8C11C0caE2e5Da0407c7B2A823167B5436c746,0x7C420415803BEb2B8BE06973a1488f2F5cB02551,0x83fC00D3De9707Dc43a38224f37a525b89aB0C6A,0xA0DBE01b746D10eB739E7f637F65fBc2e3e9D1Bc,0xF4Fe5Cc9425B58544AFd24D8a2b14D7EBa261019,0xcF10DDfEd92d9538cA15ba5c1e89E5c6619a5d3c,0xeB49133796491205ac324D7b796D5ebD852377e3,0x1eda1B993860E2EEC59Bae8E0D8F646Ea9dd154F,0xbac5f0964006BD3871189dC0Da01E67d7C435C9F,0x994cC3a3fC0e1cB9A16f5eD06Cf52169c09ab480,0x434d68Ffc1C4DaE115E2176EdDf6539A5b8ce7D9,0x7bF9075D5e3FCD7819A978cF3E8Bb836aDBEf3E8,0x159569426128deF2afBd3F5da5d230298f1D5Ab7,0x6250002E436fc3df09cB09D654A46270c4344345,0x48424fb48C1d148B38A9d6f29D05aD09003c9Af0,0x20A00e85dE13a49f872c033d6E4ba30Ba6C4e5f5,0x07dA6bBA8529FC564f930aB7cCb7d7abbe6Ff56b,0xe859231d5ef4051D300698B9D46C421de1D7D5e0,0x27cfEEf8aF7442f60DC4D1C4f7337f901Fd8a573,0xFcF409263A5B4d51a658241d7cf78405FAFB0A4E,0x09C4B30aAF16F96c7B086Ce5692418420EBF6f08,0xc7A60D14e4D8d1bBe7eEfe2B03EDD8D9d23Cc332,0x99D0F7d0ec94FF01A3d9534BFFDabf9b7d86cfED,0x8ad4810b0ec62D78627C65b1eF19495E4204b7ee,0x546C0b07bC01Cb761C8fC15A6e4F84cBBd4E1D21,0xed0941e5dC9141A2b029C65862044A4Cac9e56E9,0xE1bdaa7EE392935eB276A421752ABE986fD52914,0xf4E2007bb865B78bc0EAc0cC242e974Efd49C06d,0xe2CEDA90aa1E43647EF306810a903b32c9a3Aa94,0x7c5D6df0646aD1Dc77FFB52E2430bE779729ed69,0xBeCA7b566FAd28cCbe6dcE59d42D37768Ab3CD8B,0x1C595009B331fE85FD658aA0B6B7bE95B6921021,0x273BA31C706b9D9FdAe1FD999183Bfa865895bE9,0x8dcb98361a49550593B57747Ab2825983EF43662,0x6e8a1e3b0B59C029809eDEE5bb9dF96FF34812a9,0x7D55C795359eB049FF482c8Bd5E0523F0fB40B6f,0x1C064EA662365c09c8E87242791dAcbb90002605,0xa2F203F34314b001A223D674dB9A2dF28A5339a4,0x1c595009b331fe85fd658aa0b6b7be95b6921021,0xbeca7b566fad28ccbe6dce59d42d37768ab3cd8b,0x992810716963dcf7df436840c7e5c80baf896a32",
6/30/2023,20236,Biswap,BSC,,0xa1e31b29f94296fc85fac8739511360f279b1976,FN,,,,0xa9fdedc440865dee38a1285bdc2f8a79947934ac67065d6b8e3a89a259f7ead0,Jun-30-2023 12:15:11 PM +UTC,,,,,,,"0x46492B26639Df0cda9b2769429845cb991591E0A,0x24Ba8d2A15Fe60618039c398Cf9FD093b1C1FEB5,0x965F527D9159dCe6288a2219DB51fc6Eef120dD1,0xdbc1a13490deef9c3c12b44fe77b503c1b061739,0x858E3312ed3A876947EA49d572A7C42DE08af7EE,0x3a6d8cA21D1CF76F653A67577FA0D27453350dD8,0xf5D6fed0f4735Ff2036cE4be535bD32e77dAE9fe","0xaac88bb9ea49a1d78d9aad1e49b3fd1525495e1c595ee369711ecf770bfc38c5,0x349d06391baf51994e6de50610533b9fa86a02f4a24ffbef4b61fd73996d6bab"
6/30/2023,20236,MyAI token,BSC,,0xc47fcc9263b026033a94574ec432514c639a2d12,TP,,ATTACK-DETECTOR-2,,0x346f65ac333eb6d69886f5614aaf569a561a53a8d93db4384bd7c0bec15ae9f6,Jun-30-2023 01:04:42 PM +UTC,,,,,,,"0x40d1E011669c0dc7Dc7c7Fb93E623d6A661Df5Ee,0x390d9078cb06f3cD4a17a39693b489446724a093",
07/01/2023,20237,PolyNetwork,Mainnet,,"0xc8ab4aa93949c377c32c069272425bd42738c42f,0xA87fB85A93Ca072Cd4e5F0D4f178Bc831Df8a00B,0xe0Afadad1d93704761c8550F21A53DE3468Ba599,0x23f4CA51aa75d9d3f28888748d514173394Cc671,0xfD3E731AFf8B930337302f26EEf015CFA022b778,0x11c924f0b50c51cbf9ac31a20365a38f24d4a4e8,0x2f6c25e3c93c0fc7fdde2ece8e370ae152a57b82",FN(beta detected),,,,0x120da2ca5df2b63e83c35c177a96e2f0823a4f0370058e7a68c931f8a2916353,Jul-01-2023 06:47:47 PM +UTC,,,,,,,"0x14413419452Aaf089762A0c5e95eD2A13bBC488C,0x5a51e2ebf8d136926b9ca7b59b60464e7c44d2eb,0x250e76987d838a75310c34bf422ea9f1AC4Cc906,0x2cdfc90250EF967036838DA601099656e74bCfc5,0x81910675DbaF69deE0fD77570BFD07f8E436386A,0xDb0f18081b505A7DE20B18ac41856BCB4Ba86A1a,0xcF2afe102057bA5c16f899271045a0A37fCb10f2",
07/03/2023,20237,Azuki DAO,Mainnet,,"0x85d231c204b82915c909a05847cca8557164c75e,0x8eadc7cc0a77594e3fa999e80e1ccb7f4e1c04e0",FN,,,,0x4c50c1da8a25bcaf7c47661423f435a339c8dd3ce8f0e8e1c3a21dcc52e84acc,Jun-30-2023 04:37:47 PM +UTC,,,,,,,"0xED5AF388653567Af2F388E6224dC7C4b3241C544,0x711867b009c28f79972fd36A0D13A24c1FBC3C99,0x8189AFBE7b0e81daE735EF027cd31371b3974FeB",
07/04/2023,20237,Bamboo AI,BSC,,"0x16c4da1afe64634ab72968d8f7f9a80518b84e61,0x7F7D46AA776Ed3f676B0E2c6368D86f1564FF5A2",FN(beta detected),,,,0xda41af9d60d62eef28444b4c42f80754140767efb8ecef1b68b4fb1c11baa789,Jul-04-2023 12:06:26 PM +UTC,,,,,,,"0x0557713d02a15a69dea5dd4116047e50f521c1b1,0xED56784bC8F2C036f6b0D8E04Cb83C253e4a6A94",
07/04/2023,20237,Bao Community,Mainnet,,"0x00693a01221a5e93fb872637e3a9391ef5f48300,0x3f99d5cd830203a3027eb0ed6548db7f81c3408f",FN,,,,0xdd7dd68cd879d07cfc2cb74606baa2a5bf18df0e3bda9f6b43f904f4f7bbdfc1,Jul-04-2023 01:30:47 PM +UTC,,,,,,,"0x5ee08f40b637417bcC9d2C51B62F4820ec9cF5D8,0xb0f8Fe96b4880adBdEDE0dDF446bd1e7EF122C4e,0xf4edfad26EE0D23B69CA93112eccE52704E0006f,0x3dFc49e5112005179Da613BdE5973229082dAc35,0x8Bf70DFE40F07a5ab715F7e888478d9D3680a2B6,0x885D90A424f87D362C9369C0F3d9A2d28AF495F4,0x235b30088E66d2D28F137b422B9349fBa51E0248,0x840e75261c2934f33C8766F6eA6235330DC1D72d,0x7492Aa25Dcb4013925c199Ded466Fdf9baa6A380,0x3dCe48CfC0bEA704ec1640b34b33eC55F97D3056,0x9Ec01C8315FB3062C9C790c368b0001A84E94A74,0x1390c3ffb3f45864641f08bcc66211935B10D753,0xe7f3a90AEe824a55B0F8969b6e29698966EE0191,0x0a39eE038AcA8363EDB6876d586c5c7B9336a562,0x675F82DF9e2fC99F8E18D0134eDA68F9232c0Af9,0xdae71239d7f277824700dfc45b575e6aa21e2294,0x15174daafd4a72f282cf875a839d1abe9bf444c1,0x8fbcb931409d7118949b92c0ed2d692f6bcb3d92,0x0e7b7f385dc87e515b44e05233c340d474ea9d7c,0x123Ec6701097d1C95771d0b8Fa48B0d88E7D7B62,0x7945b0A6674b175695e5d1D08aE1e6F13744Abb0,0xce391315b414d4c7555956120461d21808a69f3a,0xa1e3F062CE5825c1e19207cd93CEFdaD82A8A631",
07/05/2023,20237,Rodeo Finance,Arb,,"0x20de06dcf497911aca02529628383c7599dacfb9,0xbc7070605e9052c8c2c8b04732fcb85199d8246b",FN,,,,0xd786d24dc9fd2972d87fd67c3807756fc927d90d07bd43bc06b67224711d2944,Jul-04-2023 06:30:49 PM +UTC,,,,,,,"0x8accf43Dd31DfCd4919cc7d65912A475BfA60369,0x9D6A853Da8BF51386240Ad1ed19E13C48dF3a2A7,0x6f456005A7CfBF0228Ca98358f60E6AE1d347E18,0x5e4d7F61cC608485A2E4F105713D26D58a9D0cF6,0x0032F5E1520a66C6E572e96A11fBF54aea26f9bE,0x3D288C83b6030f86d83E5C8Dc4150382004471A8,0xaB7d6293CE715F12879B9fa7CBaBbFCE3BAc0A5a,0x033f193b3Fceb22a440e89A2867E8FEE181594D9,0x45a58482c3B8Ce0e8435E407fC7d34266f0A010D,0x5180Dce8F532f40d84363737858E2C5Fd0C8aB39,0xC4327DC9Ef2511706D233e813b822f196bc027ac",
07/06/2023,20237,Multichain,Mainnet,,"0x9d5765ae1c95c21d4cc3b1d5bba71bad3b012b68,0xefeef8e968a0db92781ac7b3b7c821909ef10c88,0x418ed2554c010a0c63024d1da3a93b4dc26e5bb7,0x622e5f32e9ed5318d3a05ee2932fd3e118347ba0,0x48bead89e696ee93b04913cb0006f35adb844537,0x027f1571aca57354223276722dc7b572a5b05cd8",FN,,,,"0xda80a8c8d5a8fdf0208a6fd01c39af018e400763b1d08f3543f52353345fe62e,0x448f2a6a6c071cdce254937e06305a033538e1aeb9339227d0e59e0458e6185c,0xb9f52d5eb0d67c1038debe8e0f60ed265bd4937db0cfe5ef15b3f1fa28f31f8d,0xbd29fe07555c28527fb0207aa0ac2b67d4afef0426793c35b76d005613477fc4",Jul-06-2023 06:10:35 PM +UTC,,,,,,,"0x0a992d191DEeC32aFe36203Ad87D7d289a738F81,0xBd3fa81B58Ba92a82136038B25aDec7066af3155,0x8efd012977DD5C97E959b9e48c04eE5fcd604374,0xC564EE9f21Ed8A2d8E7e76c085740d5e4c5FaFbE",
07/07/2023,20237,LUSD,BSC,,"0x0000004883ab5434202dc9d8d5bfbcd87247dee3,0x724CEFeF59D673359bcA2b5A9DbA47e8Feb30b4D",FN,,,,0x1eeef7b9a12b13f82ba04a7951c163eb566aa048050d6e9318b725d7bcec6bfa,Jul-07-2023 02:24:46 PM +UTC,,,,,,,"0x3cD632C25A4Db4c1A636cFb23B9285Be1097A60d,0x7da3ff95a3566287afec13b154794eee52a2e00d,0x7b97bCfC11054F1cF2e07dE9a9C449677E64DeA8,0x637De69F45F3b66D5389F305088A38109aA0cf7C,",
07/08/2023,20237,CivFund,Mainnet,,"0xbf9df575670c739d9bf1424d4913e7244ed3ff66,0xc0ccff0b981b419e6e47560c3659c5f0b00e4985,0xf466f9f431aea853040ef837626b1c59cc963ce2",TP,TP,ATTACK-DETECTOR-2,"Sat, 08 Jul 2023 15:17:58 GMT",0xc42fc0e22a0f60cc299be80eb0c0ddce83c21c14a3dddd8430628011c3e20d6b,Jul-08-2023 02:40:59 AM +UTC,12 hours 36 minutes,45360,There was a contract creation 2 mins before the exploit transaction,Victim properly identified (CIVNFT),,,"0x7CAEC5E4a3906d0919895d113F7Ed9b3a0cbf826,0xF169BD68ED72B2fdC3C9234833197171AA000580,0xcB9985eb9433A757841D44ec8fCf5c585781bC44,0xdBED965C57BF74ab4Ba3e3FfaBf715c4B49F8835,0x20776BeB58704bFC6b38aa88D3e1D81c9C1c15E3,0xd26cc7c8d96f6ca5291758d266447f6879a66e16",
07/09/2023,20237,Arcadia Finance,Mainnet,,"0x5c75e94dd0ab9c10bfd1b8073dafef031d3c050d,0x56A35FAe9b0416360e1752A9abE78D89F51517CF",,,,,"0xefc4ac015069fdf9946997be0459db44c0491221159220be782454c32ec2d651,0x56A35FAe9b0416360e1752A9abE78D89F51517CF",Jul-10-2023 01:21:59 AM +UTC,,,,,,,"0x00CB53780Ea58503D3059FC02dDd596D0Be926cB,0x046fc9f35EB7Cb165a5e07915d37bF4022b8dE33,0x950A8833b9533A19Fb4D1B2EFC823Ea6835f6d95,0xD2A34731586bD10B645f870f4C9DcAF4F9e3823C,0x2dE7BbAAaB48EAc228449584f94636bb20d63E65,0xC000d75D4221Ba9D7A788C81DCc0A4714B4aE9e5,0x3Ae354d7E49039CcD582f1F3c9e65034fFd17baD,0xD417c28aF20884088F600e724441a3baB38b22cc,0x68847530E93789Cc2e602130f6B53C55E1159Bb9,0x200C24184c50796fB72343C7578b6639F515757E,0x9aa024D3fd962701ED17F76c17CaB22d3dc9D92d,0xEe7403d3f2660928b2B39BAb80A820975520aFe0,0xAF17879139487d9704E61c4C726525F0C1764Be8",
07/09/2023,20237,Arcadia Finance,Opt,,"0xd3641c912a6a4c30338787e3c464420b561a9467,0x01a4d9089C243CCaEbE40AA224ad0CaB573B83c6",,,,,0xca7c1a0fde444e1a68a8c2b8ae3fb76ec384d1f7ae9a50d26f8bfdd37c7a0afe,Jul-10-2023 01:16:07 AM +UTC,,,,,,,"0x00CB53780Ea58503D3059FC02dDd596D0Be926cB,0x046fc9f35EB7Cb165a5e07915d37bF4022b8dE33,0x950A8833b9533A19Fb4D1B2EFC823Ea6835f6d95,0xD2A34731586bD10B645f870f4C9DcAF4F9e3823C,0x2dE7BbAAaB48EAc228449584f94636bb20d63E65,0xC000d75D4221Ba9D7A788C81DCc0A4714B4aE9e5,0x3Ae354d7E49039CcD582f1F3c9e65034fFd17baD,0xD417c28aF20884088F600e724441a3baB38b22cc,0x68847530E93789Cc2e602130f6B53C55E1159Bb9,0x200C24184c50796fB72343C7578b6639F515757E,0x9aa024D3fd962701ED17F76c17CaB22d3dc9D92d,0xEe7403d3f2660928b2B39BAb80A820975520aFe0,0xAF17879139487d9704E61c4C726525F0C1764Be8",
07/11/2023,20237,Liberti,Mainnet,,"0xfd2d3ffb05ad00e61e3c8d8701cb9036b7a16d02,0xdfcdb5a86b167b3a418f3909d6f7a2f2873f2969",,,,,0xcb0ad9da33ecabf75df0a24aabf8a4517e4a7c5b1b2f11fee3b6a1ad9299a282,Jul-11-2023 07:49:11 AM +UTC,,,,,,,"0x429032A407aed3D5fF84caf38EFF217eB4d322A9,0x74476caE04C5aaf33f60760eD150bf3Fa879a51b,0x2610d161Cb8CEfBB9687Fb4a8ac8E5a6bf440C20",
07/11/2023,20237,Platypus Finance,Avax,,"0xc64afc460290ed3df848f378621b96cb7179521a,0x16a3c9e492dee1503f46dea84c52c6a0608f1ed8",,,,,0x91957c647a06122616a41fa78570b6dcdfd8e366aaf5b7dd9b36d29f88669742,Jul-11-2023 04:19:32 PM +UTC,,,,,,,"0xbe52548488992Cc76fFA1B42f3A58F646864df45,0x66357dCaCe80431aee0A7507e2E361B7e2402370,0xe0D166DE15665bC4B7185B2e35E847E51316E126,0x39dE4e02F76Dbd4352Ec2c926D8d64Db8aBdf5b2,0xB8E567fc23c39C94a1f6359509D7b43D1Fbed824,0x30C30d826be87Cd0A4b90855C2F38f7FcfE4eaA7,0x4658EA7e9960D6158a261104aAA160cC953bb6ba,0xC828D995C686AaBA78A4aC89dfc8eC0Ff4C5be83,0x81E63d0EEBA2D85609A6b206737e98e39B888F4C,0x8B4A45da5B0705Ae4f47EBeFC180C099345cF57e,0xDeD29DF6b2193B885F45B5F5027ed405291A96C1,0xb3393f4e609c504da770ebc968540784cc4e016c,0x27912AE6Ba9a54219d8287C3540A8969FF35500B,0x91BB10D68C72d64a7cE10482b453153eEa03322C,0x233Ba46B01d2FbF1A31bDBc500702E286d6de218,0x89E9EFD9614621309aDA948a761D364F0236eDEA,0x73256EC7575D999C360c1EeC118ECbEFd8DA7D12,0x22d4002028f537599be9f666d1c4fa138522f9c8,0x5857019c749147EEE22b1Fe63500F237F3c1B692,0xdaCDe03d7Ab4D81fEDdc3a20fAA89aBAc9072CE2,0xB0523f9F473812FB195Ee49BC7d2ab9873a98044,0x68c5f4374228BEEdFa078e77b5ed93C28a2f713E,0xfF6934aAC9C94E1C39358D4fDCF70aeca77D0AB0,0x7125B4211357d7C3a90F796c956c12c681146EbB,0x2Cd5012b5f7cc09bfE0De6C44df32a92D2431232,0x061da45081ACE6ce1622b9787b68aa7033621438,0x1f6B6b505D199B9bd0a6642B8d44533a811598da,0x0d26d103c91f63052fbca88aaf01d5304ae40015,0x909b0ce4fac1a0dca78f8ca7430bbafeeca12871,0xc1daa16e6979c2d1229cb1fd0823491ea44555be,0xAEf735B1E7EcfAf8209ea46610585817Dc0a2E16,0x776628A5C37335608DD2a9538807b9bba3869E14,0xa16bbab03B61810BA8633343D9FfC04B086506B5,0xDEA7bf752Ef25301DbB2e9288338A1a9013EC194,0x6a1340A262BaE9b076a9f8862eBfabea25039e4e,0x2E19709471FB25078dB982DD6b94A8Cb2C29E2Aa,0x06f01502327De1c37076Bea4689a7e44279155e9,0x836648A8cE166Ba7CaFb27F0E6AD21d5C91b7774,0x209a0399A2905900C0d1a9a382fe23e37024dC84,0xc09c12093b037866Bf68C9474EcDb5113160fBcE,0xc7388D98Fa86B6639d71A0A6d410D5cDfc63A1d0,0xFC95481F79eC965A535Ed8cef4630e1dd308d319,0x6FD4b4c38ED80727EcD0d58505565F9e422c965f,0x035D7D7F209B5d18e2AB5C2072E85B32e1D43760,0xF01cEA00598d87Cb9792a01B040d04b0bd8Ca781,0x4E5704991b43C1D33b9Ccd1BC33B211bf068385A,0xC73eeD4494382093C6a7C284426A9a00f6C79939,0xA2A7EE49750Ff12bb60b407da2531dB3c50A1789,0x7716307350c0819eD05C3e7f6c478b27CAED5361,0x4b851118a4A4948799f24d0CBE17FA3dad09e2D5,0x2aD5fC90F95f236F5276E795A5A46381bFE5aa92,0x12141b8FD20b4bBdd5F4e911bF91575258A3eABD,0xad589CFB73922700Dc46cA39CDF83B9618ac91E0,0x542dd5F38fcb3AAb28d6418CF3e1d36329A79aC7,0xa63e0c77D92d9Ee15bBeB0c219D80748605b2Cf6,0x2CC7492Aa8846c834364d2039707c583d4077BCb,0xE08947eE864Af325D9F98743B3b905875Ae0Ec99,0x551C259Bf4D88edFdAbb04179342a73dAa759583,0x027A24Fa0168DA4fC7AF9Bf5331D42692889AFaa,0x979702f708dd794A0e5E616E89C1656a2C55d681,0x551C259Bf4D88edFdAbb04179342a73dAa759583,0x4f734D89531b6c9A1242C196297316E928AEeFBa,0xd78d5f6A5bF62a88212203077D1A28F812307145,0x2DebC993c5f9Cac766Efa3EdCb1b6e40aDb4F6E2,0x6689C9Eb9a8A0Dd8BbD0935Ce0cD7FeD72E8667E",
07/11/2023,20237,Rodeo Finance,Arb,,"0x2f3788f2396127061c46fc07bd0fcb91faace328,0xe9544ee39821f72c4fc87a5588522230e340aa54",,,,,0xb1be5dee3852c818af742f5dd44def285b497ffc5c2eda0d893af542a09fb25a,Jul-11-2023 07:45:25 AM +UTC,,,,,,,"0x8accf43Dd31DfCd4919cc7d65912A475BfA60369,0x6f456005A7CfBF0228Ca98358f60E6AE1d347E18,0x5e4d7F61cC608485A2E4F105713D26D58a9D0cF6,0x0032F5E1520a66C6E572e96A11fBF54aea26f9bE,0x3D288C83b6030f86d83E5C8Dc4150382004471A8,0xaB7d6293CE715F12879B9fa7CBaBbFCE3BAc0A5a,0x9D6A853Da8BF51386240Ad1ed19E13C48dF3a2A7,0x45a58482c3B8Ce0e8435E407fC7d34266f0A010D,0x5180Dce8F532f40d84363737858E2C5Fd0C8aB39,0xC4327DC9Ef2511706D233e813b822f196bc027ac,0x033f193b3Fceb22a440e89A2867E8FEE181594D9,",
07/12/2023,20237,Ethscriptions,Mainnet,,0x8558db5f3f9201492028fad05087b6a1d9c11273,,,,,0x419b19c6f6375b6ec4bf07dd2c0b0dd8178fbc1db2aaaaa020e607b27929cd22,Jul-12-2023 03:32:59 AM +UTC,,,,,,,0x3ca843b98a2fe8ef69bb0f169afad3812c275f5e,
7/17/2023,20237,NewFi,BSC,,"0x3a10408fd7a2b2a43bd14a17c0d4568430b93132,0x18703A4fD7b3688607AbF25424B6Ab304DEf2512",TP,,,,0x557628123d137ea49564e4dccff5f5d1e508607e96dd20fe99a670519b679cb5,Jul-17-2023 02:00:19 PM +UTC,,,,,,,"0xB8dC09Eec82CaB2E86C7EdC8DD5882dd92d22411,",
7/18/2023,20237,BNO,BSC,,"0xdc109426972ae14d5b3d7e91b47d42ff1fd3c8cc,0xa6566574edc60d7b2adbacedb71d5142cf2677fb",,,,,0x33fed54de490797b99b2fc7a159e43af57e9e6bdefc2c2d052dc814cfe0096b9,Jul-18-2023 12:55:37 AM +UTC,,,,,,,"0xdCA503449899d5649D32175a255A8835A03E4006,0xa4dBc813F7E1bf5827859e278594B1E0Ec1F710F,0x4B9c234779A3332b74DBaFf57559EC5b4cB078BD",
7/18/2023,20237,ApeDAO,BSC,,"0x10703f7114dce7beaf8d23cde4bf72130bb0f56a,0x45aa258ad08eeeb841c1c02eca7658f9dd4779c0",,,,,0x8d35dfd9968ce61fb969ffe8dcc29eeeae864e466d2cb0b7d26ce63644691994,Jul-18-2023 02:01:37 PM +UTC,,,,,,,"0xB47955B5B7EAF49C815EBc389850eb576C460092, 0xee2a9D05B943C1F33f3920C750Ac88F74D0220c3",
7/20/2023,20237,FFIST,BSC,,"0xcc8617331849962c27f91859578dc91922f6f050,0xe84ef3615b8df94c52e5b6ef21acbf0039b29113",,,,,0x199c4b88cab6b4b495b9d91af98e746811dd8f82f43117c48205e6332db9f0e0,Jul-20-2023 12:07:06 AM +UTC,,,,,,,"0x80121DA952A74c06adc1d7f85A237089b57AF347,0x7a3adf2f6b239e64dab1738c695cf48155b6e152",
7/21/2023,20237,Irena,BSC,,"0x59e143d1ee59abea79be7d8a6bc8524588123456,0xE70d716BDe81575D372EA329800D953C5dD0b3E9",,,,,0xd0f743b22111a13aa4be9fbba515ca53a301b21c7f744ec8c313dd0a25767779,Jul-21-2023 07:11:13 AM +UTC,,,,,,,"0x9eeB6c5ff183E6001c65a12D70026b900AE76781,0xdDD165504E22B4E8b18F2E0954FC90BD30F01117,0xd9693D41E577064Df9D7e90fe3D000825ceB947d",
7/21/2023,20237,Conic,Mainnet,,"0x160b431bdc7c2cedb2838e5e74c26886aad65d8f,0x3d32c5a2e592c7b17e16bddc87eab75f33ae3010,0x10db234e02c3889d8e408c7084e8ce10892bdad7,0x743599ba5cfa3ce8c59691af5ef279aaafa2e4eb,0x8d67db0b205e32a5dd96145f022fa18aae7dc8aa",,,,,0x8b74995d1d61d3d7547575649136b8765acb22882960f0636941c44ec7bbe146,Jul-21-2023 10:35:11 AM +UTC,,,,,,,"0x4D080be793fb7934a920cbDd95010b893AEda545,0x9aE380F0272E2162340a5bB646c354271c0F5cFC,0x013A3Da6591d3427F164862793ab4e388F9B587e,0xeC037423A61B634BFc490dcc215236349999ca3d,0xDF848c4E02AE9D0492ED796B5e2e4F414B28c7c6,0x92bffb71BBe241ba9cdFb3A4e56E48dC4F118ED7,0xCb7c67bDde9F7aF0667E8d82bb87F1432Bd1d902,0x3F41480DD3b32F1cC579125F9570DCcD07E07667,0x5F2e1Ac047E6A8526f8640a7Ed8AB53a0b3f4acF,0xf4A364d6B513158dC880d0e8DA6Ae65B9688FD7B,0xC67e9Cdf599369130DD0841Ee5CB8eBF9BB661C4,0x5296e0cc7b64808dDD0a4932BB03072440ce3E95,0x74eA6D777a4aEC782EBA0AcAE61142AAc69D3E2F,0x07b577f10d4e00f3018542d08a87F255a49175A5,0x369cBC5C6f139B1132D3B91B87241B37Fc5B971f,0xAbb735648a076d570AfF2A61D8D141099823EAe9,0xf432110e5206356CD6448dA16b05394a89B44CeF,0x40293380F5292Bb13905608b35a936c332f07f94,0x3565A68666FD3A6361F06f84637E805b727b4A47",
7/21/2023,20237,Conic,Mainnet,,0xb6369f59fc24117b16742c9dfe064894d03b3b80,,,,,0x37acd17a80a5f95728459bfea85cb2e1f64b4c75cf4a4c8dcb61964e26860882,Jul-21-2023 07:01:35 PM +UTC,,,,,,,"0x4D080be793fb7934a920cbDd95010b893AEda545,0x9aE380F0272E2162340a5bB646c354271c0F5cFC,0x013A3Da6591d3427F164862793ab4e388F9B587e,0xeC037423A61B634BFc490dcc215236349999ca3d,0xDF848c4E02AE9D0492ED796B5e2e4F414B28c7c6,0x92bffb71BBe241ba9cdFb3A4e56E48dC4F118ED7,0xCb7c67bDde9F7aF0667E8d82bb87F1432Bd1d902,0x3F41480DD3b32F1cC579125F9570DCcD07E07667,0x5F2e1Ac047E6A8526f8640a7Ed8AB53a0b3f4acF,0xf4A364d6B513158dC880d0e8DA6Ae65B9688FD7B,0xC67e9Cdf599369130DD0841Ee5CB8eBF9BB661C4,0x5296e0cc7b64808dDD0a4932BB03072440ce3E95,0x74eA6D777a4aEC782EBA0AcAE61142AAc69D3E2F,0x07b577f10d4e00f3018542d08a87F255a49175A5,0x369cBC5C6f139B1132D3B91B87241B37Fc5B971f,0xAbb735648a076d570AfF2A61D8D141099823EAe9,0xf432110e5206356CD6448dA16b05394a89B44CeF,0x40293380F5292Bb13905608b35a936c332f07f94,0x3565A68666FD3A6361F06f84637E805b727b4A47",
7/24/2023,20237,PalmSwap,BSC,,"0x5cf403ecf47f133b917cb9e3f24b7a7afd718af1,0x0fe7457f5909778b15d8e46768678abbf0c98329,0xf84efa8a9f7e68855cf17eaac9c2f97a9d131366,0x55252a6d50bfad0e5f1009541284c783686f7f25",,,,,0x62dba55054fa628845fecded658ff5b1ec1c5823f1a5e0118601aa455a30eac9,Jul-24-2023 05:23:38 PM +UTC,,,,,,,"0xd990094a611c3de34664dd3664ebf979a1230fc1,0xa68f4b2c69c7f991c3237ba9b678d75368ccff8f,0x806f709558cdbba39699fbf323c8fda4e364ac7a,0x29745314B4D294B7C77cDB411B8AAa95923aae38,0x04C7c8476F91D2D6Da5CaDA3B3e17FC4532Fe0cc,0x305496cecCe61491794a4c36D322b42Bb81da9c4,0x8b47515579c39a31871D874a23Fb87517b975eCC,0x6876B9804719d8D9F5AEb6ad1322270458fA99E0",
7/24/2023,20237,MetaLabz,BSC,,0xf576c7f17bc5a834f8bfe6f810a09eb44818c739,,,,,0x6d14276f14d7b7f72f201c72b6cf54689211ccb2d295d19e4bb5e9006fda177c,Jul-24-2023 03:01:56 PM +UTC,,,,,,,"0x165B8FDDFCbEd154338B5d4B33B76836002D9701,0xf42A313E7a32E49B39c742516d6F2Da256A33035,0xF14D3692B0055Db9Ca4c04065165d59B87E763f1",
7/25/2023,20237,Eralend,zkSync,,0xf1d076c9be4533086f967e14ee6aff204d5ece7a,,,,,"0x99efebacb3edaa3ac34f7ef462fd8eed85b46be281bd1329abfb215a494ab0ef,0x7ac4da1ea1b0903dfabda56f713ea5e4a960a3fc34467a844d037f86ee8bfe98",Jul-25-2023 10:24 AM +UTC,,,,,,,"0x1181D7BE04D80A8aE096641Ee1A87f7D557c6aeb,0xD6CA0951ea8F18C63e5dCA1646e0a4B53d5d3fa0,0x0171cA5b372eb510245F5FA214F5582911934b3D,0xc8DDC91D8CeCd4a940B173A240ba664A0C79e314,0x1BbD33384869b30A323e15868Ce46013C82B86FB,0x00A1C271df375660f47293fd84B53572fded0107,0xE58f0614728E4220CbC592DB8e44c11720CabbaA",
7/26/2023,20237,Carson,BSC,,"0x25bcbbb92c2ae9d0c6f4db814e46fd5c632e2bd3,0x9cffc95e742d22c1446a3d22e656bb23835a38ac",,,,,0xed52a42b2f45e4dea8d07f70d645931e4f6da65e9ab281cd3dbb9d9d21febb45,Jul-26-2023 05:39:24 PM +UTC,,,,,,,"0x0aCD5019EdC8ff765517e2e691C5EeF6f9c08830,0xE77a017DB4C7754bF272D19FfE0149779b9800B5",
